Timestamp,Used_Mem(MB),Avail_Mem(MB)
2025-03-21 02:19:58,1568,13797
2025-03-21 02:20:04,3842,11524
2025-03-21 02:20:09,4562,10804
2025-03-21 02:20:14,5221,10146
2025-03-21 02:20:19,5429,9937
2025-03-21 02:20:24,4638,10727
2025-03-21 02:20:29,4679,10684
2025-03-21 02:20:34,4675,10691
2025-03-21 02:20:39,4557,10808
2025-03-21 02:20:44,4790,10577
2025-03-21 02:20:49,4863,10504
2025-03-21 02:20:54,4888,10473
2025-03-21 02:20:59,7226,8176
2025-03-21 02:22:17,3486,11878,6,1,22590
2025-03-21 02:22:30,4852,10513,5,72,22518
2025-03-21 02:22:35,1593,13774,80,12113,10478
2025-03-21 02:22:40,1934,13431,60,17493,5098
2025-03-21 02:22:46,1955,13411,91,17493,5098
2025-03-21 02:22:51,1905,13461,97,17493,5098
2025-03-21 02:22:56,1794,13572,97,17493,5098
2025-03-21 02:23:01,1768,13599,80,17493,5098
2025-03-21 02:23:06,1825,13542,80,17493,5098
2025-03-21 02:23:12,1880,13486,80,17493,5098
2025-03-21 02:23:17,1904,13462,80,17493,5098
2025-03-21 02:24:27,1633,13733,0,4,22587
2025-03-21 02:24:33,3126,12248,30,4369,18222
2025-03-21 02:24:38,1990,13376,81,17492,5098
2025-03-21 02:24:43,2034,13333,95,17493,5098
2025-03-21 02:24:48,1974,13392,100,17493,5098
2025-03-21 02:24:54,1972,13395,79,17493,5098
2025-03-21 02:24:59,1912,13455,80,17493,5098
2025-03-21 02:25:04,1804,13563,80,17493,5098
2025-03-21 02:25:09,1832,13535,80,17493,5098
2025-03-21 02:25:15,1821,13546,100,17493,5098
2025-03-21 02:25:20,1871,13496,80,17493,5098
2025-03-21 02:25:25,1913,13454,100,17493,5098
2025-03-21 02:25:30,1805,13561,100,17493,5098
2025-03-21 02:25:35,1793,13573,80,17493,5098
2025-03-21 02:25:41,1829,13537,80,17493,5098
2025-03-21 02:25:46,1800,13567,80,17493,5098
2025-03-21 02:25:51,1862,13504,80,17493,5098
2025-03-21 02:25:56,1844,13523,93,17493,5098
2025-03-21 02:26:02,1864,13504,89,17493,5098
2025-03-21 02:26:07,1805,13561,80,17493,5098
2025-03-21 02:26:12,1851,13515,100,17493,5098
2025-03-21 02:26:17,1863,13503,80,17493,5098
2025-03-21 02:26:23,1897,13470,80,17493,5098
2025-03-21 02:26:28,1878,13489,97,17493,5098
2025-03-21 02:26:33,1892,13474,80,17493,5098
2025-03-21 02:26:38,1848,13519,100,17493,5098
2025-03-21 02:26:44,1861,13506,80,17493,5098
2025-03-21 02:26:49,1895,13471,97,17493,5098
2025-03-21 02:26:54,1840,13527,80,17493,5098
2025-03-21 02:26:59,1843,13524,78,17493,5098
2025-03-21 02:27:04,1909,13457,100,17493,5098
2025-03-21 02:27:10,1844,13522,100,17493,5098
2025-03-21 02:27:15,1829,13536,80,17493,5098
2025-03-21 02:27:20,1755,13612,80,17493,5098
2025-03-21 02:27:25,1862,13504,75,17493,5098
2025-03-21 02:27:31,1897,13469,100,17493,5098
2025-03-21 02:27:36,1863,13504,100,17493,5098
2025-03-21 02:27:41,1896,13470,80,17493,5098
2025-03-21 02:27:46,1858,13508,100,17493,5098
2025-03-21 02:27:52,1882,13485,80,17493,5098
2025-03-21 02:27:57,1872,13495,80,17493,5098
2025-03-21 02:28:02,1843,13523,100,17493,5098
2025-03-21 02:28:07,1810,13557,80,17493,5098
2025-03-21 02:28:12,1912,13455,80,17493,5098
2025-03-21 02:28:18,1835,13531,100,17493,5098
2025-03-21 02:28:23,1851,13516,80,17493,5098
2025-03-21 02:28:28,1875,13491,100,17493,5098
2025-03-21 02:28:33,1866,13501,80,17493,5098
2025-03-21 02:28:39,1911,13456,80,17493,5098
2025-03-21 02:28:44,1928,13439,100,17493,5098
2025-03-21 02:28:49,1846,13520,88,17493,5098
2025-03-21 02:28:54,1899,13467,100,17493,5098
2025-03-21 02:29:00,1923,13443,80,17493,5098
2025-03-21 02:29:05,1890,13477,80,17493,5098
2025-03-21 02:29:10,1789,13578,100,17493,5098
2025-03-21 02:29:15,1860,13507,100,17493,5098
2025-03-21 02:29:20,1855,13512,80,17493,5098
2025-03-21 02:29:26,1849,13518,80,17493,5098
2025-03-21 02:29:31,1918,13448,80,17493,5098
2025-03-21 02:29:36,1895,13471,100,17493,5098
2025-03-21 02:29:41,1846,13520,100,17493,5098
2025-03-21 02:29:47,1896,13471,80,17493,5098
2025-03-21 02:29:52,1867,13499,97,17493,5098
2025-03-21 02:29:57,1821,13546,80,17493,5098
2025-03-21 02:30:02,1833,13533,100,17493,5098
2025-03-21 02:30:08,1866,13498,80,17493,5098
2025-03-21 02:30:13,1891,13475,100,17493,5098
2025-03-21 02:30:18,1896,13470,80,17493,5098
2025-03-21 02:30:23,1912,13454,100,17493,5098
2025-03-21 02:30:28,1865,13502,72,17493,5098
2025-03-21 02:30:34,1799,13567,80,17493,5098
2025-03-21 02:30:39,1856,13510,80,17493,5098
2025-03-21 02:30:44,1817,13549,100,17493,5098
2025-03-21 02:30:49,1800,13566,95,17493,5098
2025-03-21 02:30:55,1853,13514,80,17493,5098
2025-03-21 02:31:00,1823,13544,100,17493,5098
2025-03-21 02:31:05,1782,13584,80,17493,5098
2025-03-21 02:31:10,1925,13441,80,17493,5098
2025-03-21 02:31:16,1916,13450,80,17493,5098
2025-03-21 02:31:21,1857,13509,100,17493,5098
2025-03-21 02:31:26,1811,13554,80,17493,5098
2025-03-21 02:31:31,1863,13503,100,17493,5098
2025-03-21 02:31:36,1923,13444,83,17493,5098
2025-03-21 02:31:42,1855,13512,80,17493,5098
2025-03-21 02:31:47,1856,13511,87,17493,5098
2025-03-21 02:31:52,1808,13558,100,17493,5098
2025-03-21 02:31:57,1838,13528,78,17493,5098
2025-03-21 02:32:03,1837,13530,80,17493,5098
2025-03-21 02:32:08,1846,13521,100,17493,5098
2025-03-21 02:32:13,1866,13500,80,17493,5098
2025-03-21 02:32:18,1842,13524,100,17493,5098
2025-03-21 02:32:24,1794,13573,92,17493,5098
2025-03-21 02:32:29,1903,13464,80,17493,5098
2025-03-21 02:32:34,1887,13480,80,17493,5098
2025-03-21 02:32:39,1802,13564,80,17493,5098
2025-03-21 02:32:44,1859,13507,100,17493,5098
2025-03-21 02:32:50,1886,13481,80,17493,5098
2025-03-21 02:32:55,1838,13529,100,17493,5098
2025-03-21 02:33:00,1852,13515,80,17493,5098
2025-03-21 02:33:05,1894,13473,100,17493,5098
2025-03-21 02:33:11,1873,13493,80,17493,5098
2025-03-21 02:33:16,1888,13479,80,17493,5098
2025-03-21 02:33:21,1818,13548,100,17493,5098
2025-03-21 02:33:26,1871,13495,62,17493,5098
2025-03-21 02:33:32,1867,13499,81,17493,5098
2025-03-21 02:33:37,1903,13462,80,17493,5098
2025-03-21 02:33:42,1915,13452,100,17493,5098
2025-03-21 02:33:47,1859,13507,80,17493,5098
2025-03-21 02:33:52,1815,13551,100,17493,5098
2025-03-21 02:33:58,1828,13540,80,17493,5098
2025-03-21 02:34:03,1829,13538,80,17493,5098
2025-03-21 02:34:08,1865,13501,100,17493,5098
2025-03-21 02:34:13,1871,13496,80,17493,5098
2025-03-21 02:34:19,1814,13553,87,17493,5098
2025-03-21 02:34:24,1813,13553,100,17493,5098
2025-03-21 02:34:29,1812,13555,80,17493,5098
2025-03-21 02:34:34,1819,13547,100,17493,5098
2025-03-21 02:34:40,1876,13488,80,17493,5098
2025-03-21 02:34:45,1801,13565,100,17493,5098
2025-03-21 02:34:50,1812,13553,80,17493,5098
2025-03-21 02:34:55,1842,13524,100,17493,5098
2025-03-21 02:35:00,1896,13471,80,17493,5098
2025-03-21 02:35:06,1865,13502,90,17493,5098
2025-03-21 02:35:11,1871,13496,80,17493,5098
2025-03-21 02:35:16,1826,13540,80,17493,5098
2025-03-21 02:35:21,1823,13543,100,17493,5098
2025-03-21 02:35:27,1903,13463,80,17493,5098
2025-03-21 02:35:32,1907,13459,80,17493,5098
2025-03-21 02:35:37,1887,13479,94,17493,5098
2025-03-21 02:35:42,1880,13487,100,17493,5098
2025-03-21 02:35:48,1828,13539,92,17493,5098
2025-03-21 02:35:53,1794,13576,80,17493,5098
2025-03-21 02:35:58,1831,13535,80,17493,5098
2025-03-21 02:36:03,1886,13478,80,17493,5098
2025-03-21 02:36:09,1979,13387,100,17493,5098
2025-03-21 02:36:14,1867,13499,80,17493,5098
2025-03-21 02:36:19,1803,13564,100,17493,5098
2025-03-21 02:36:24,1773,13593,100,17493,5098
2025-03-21 02:36:29,1839,13528,80,17493,5098
2025-03-21 02:36:35,1870,13496,88,17493,5098
2025-03-21 02:36:40,1830,13535,85,17493,5098
2025-03-21 02:36:45,1866,13500,80,17493,5098
2025-03-21 02:36:50,1791,13575,100,17493,5098
2025-03-21 02:36:56,1811,13556,80,17493,5098
2025-03-21 02:37:01,1887,13480,98,17493,5098
2025-03-21 02:37:06,1879,13487,80,17493,5098
2025-03-21 02:37:11,1867,13499,80,17493,5098
2025-03-21 02:37:16,1894,13472,99,17493,5098
2025-03-21 02:37:22,1891,13475,71,17493,5098
2025-03-21 02:37:27,1918,13449,100,17493,5098
2025-03-21 02:37:32,1865,13501,100,17493,5098
2025-03-21 02:37:37,1879,13488,80,17493,5098
2025-03-21 02:37:43,1813,13554,100,17493,5098
2025-03-21 02:37:48,1766,13601,80,17493,5098
2025-03-21 02:37:53,1809,13557,97,17493,5098
2025-03-21 02:37:58,1869,13499,75,17493,5098
2025-03-21 02:38:04,1885,13482,90,17493,5098
2025-03-21 02:38:09,1893,13473,80,17493,5098
2025-03-21 02:38:14,1885,13481,80,17493,5098
2025-03-21 02:38:19,1857,13510,100,17493,5098
2025-03-21 02:38:24,1805,13562,80,17493,5098
2025-03-21 02:38:30,1851,13516,100,17493,5098
2025-03-21 02:38:35,1764,13601,80,17493,5098
2025-03-21 02:38:40,1803,13561,80,17493,5098
2025-03-21 02:38:45,1922,13445,100,17493,5098
2025-03-21 02:38:51,1839,13528,80,17493,5098
2025-03-21 02:38:56,1787,13579,97,17493,5098
2025-03-21 02:39:01,1834,13532,80,17493,5098
2025-03-21 02:39:06,1907,13460,80,17493,5098
2025-03-21 02:39:12,1909,13457,100,17493,5098
2025-03-21 02:39:17,1835,13532,100,17493,5098
2025-03-21 02:39:22,1828,13539,80,17493,5098
2025-03-21 02:39:27,1818,13548,80,17493,5098
2025-03-21 02:39:32,1820,13547,98,17493,5098
2025-03-21 02:39:38,1853,13513,80,17493,5098
2025-03-21 02:39:43,1879,13488,100,17493,5098
2025-03-21 02:39:48,1812,13554,100,17493,5098
2025-03-21 02:39:53,1827,13540,80,17493,5098
2025-03-21 02:39:59,1827,13540,89,17493,5098
2025-03-21 02:40:04,1794,13572,80,17493,5098
2025-03-21 02:40:09,1833,13534,100,17493,5098
2025-03-21 02:40:14,1797,13569,81,17493,5098
2025-03-21 02:40:20,1794,13573,100,17493,5098
2025-03-21 02:40:25,1895,13475,80,17493,5098
2025-03-21 02:40:30,1848,13518,100,17493,5098
2025-03-21 02:40:35,1930,13436,80,17493,5098
2025-03-21 02:40:40,1970,13396,80,17493,5098
2025-03-21 02:40:46,1850,13516,80,17493,5098
2025-03-21 02:40:51,1827,13540,100,17493,5098
2025-03-21 02:40:56,1860,13507,80,17493,5098
2025-03-21 02:41:01,1873,13494,100,17493,5098
2025-03-21 02:41:07,1894,13473,80,17493,5098
2025-03-21 02:41:12,1793,13574,100,17493,5098
2025-03-21 02:41:17,1836,13530,80,17493,5098
2025-03-21 02:41:22,1893,13473,100,17493,5098
2025-03-21 02:41:28,1826,13541,80,17493,5098
2025-03-21 02:41:33,1777,13589,80,17493,5098
2025-03-21 02:41:38,1813,13554,100,17493,5098
2025-03-21 02:41:43,1858,13507,80,17493,5098
2025-03-21 02:41:49,1873,13494,80,17493,5098
2025-03-21 02:41:54,1821,13545,100,17493,5098
2025-03-21 02:41:59,1841,13525,80,17493,5098
2025-03-21 02:42:04,1832,13534,100,17493,5098
2025-03-21 02:42:09,1870,13496,80,17493,5098
2025-03-21 02:42:15,1909,13457,80,17493,5098
2025-03-21 02:42:20,1787,13580,100,17493,5098
2025-03-21 02:42:25,1926,13441,80,17493,5098
2025-03-21 02:42:30,1960,13407,100,17493,5098
2025-03-21 02:42:36,1863,13504,80,17493,5098
2025-03-21 02:42:41,1871,13496,100,17493,5098
2025-03-21 02:42:46,1962,13406,80,17493,5098
2025-03-21 02:42:51,1953,13414,80,17493,5098
2025-03-21 02:42:57,1877,13490,97,17493,5098
2025-03-21 02:43:02,1843,13523,100,17493,5098
2025-03-21 02:43:07,1840,13526,80,17493,5098
2025-03-21 02:43:12,1843,13523,96,17493,5098
2025-03-21 02:43:17,1854,13512,80,17493,5098
2025-03-21 02:43:23,1812,13554,100,17493,5098
2025-03-21 02:43:28,1919,13447,73,17493,5098
2025-03-21 02:43:33,1913,13454,100,17493,5098
2025-03-21 02:43:38,1875,13491,81,17493,5098
2025-03-21 02:43:44,1871,13495,80,17493,5098
2025-03-21 02:43:49,1840,13526,100,17493,5098
2025-03-21 02:43:54,1828,13539,80,17493,5098
2025-03-21 02:43:59,1914,13453,80,17493,5098
2025-03-21 02:44:05,1937,13429,100,17493,5098
2025-03-21 02:44:10,1870,13498,80,17493,5098
2025-03-21 02:44:15,1788,13576,80,17493,5098
2025-03-21 02:44:20,1793,13574,94,17493,5098
2025-03-21 02:44:25,1847,13519,80,17493,5098
2025-03-21 02:44:31,1850,13516,92,17493,5098
2025-03-21 02:44:36,1807,13559,88,17493,5098
2025-03-21 02:44:41,1858,13509,80,17493,5098
2025-03-21 02:44:46,1868,13499,90,17493,5098
2025-03-21 02:44:52,1851,13516,80,17493,5098
2025-03-21 02:44:57,1859,13508,80,17493,5098
2025-03-21 02:45:02,1871,13495,80,17493,5098
2025-03-21 02:45:07,1894,13473,100,17493,5098
2025-03-21 02:45:13,1840,13527,80,17493,5098
2025-03-21 02:45:18,1829,13537,100,17493,5098
2025-03-21 02:45:23,1814,13554,80,17493,5098
2025-03-21 02:45:28,1922,13444,80,17493,5098
2025-03-21 02:45:33,1919,13447,100,17493,5098
2025-03-21 02:45:39,1906,13459,80,17493,5098
2025-03-21 02:45:44,1880,13487,91,17493,5098
2025-03-21 02:45:49,1889,13477,97,17493,5098
2025-03-21 02:45:54,1876,13490,80,17493,5098
2025-03-21 02:46:00,1907,13459,100,17493,5098
2025-03-21 02:46:05,1789,13577,80,17493,5098
2025-03-21 02:46:10,1866,13500,80,17493,5098
2025-03-21 02:46:15,1840,13526,80,17493,5098
2025-03-21 02:46:21,1851,13515,100,17493,5098
2025-03-21 02:46:26,1802,13565,80,17493,5098
2025-03-21 02:46:31,1821,13545,90,17493,5098
2025-03-21 02:46:36,1865,13501,80,17493,5098
2025-03-21 02:46:42,1843,13523,80,17493,5098
2025-03-21 02:46:47,1900,13468,100,17493,5098
2025-03-21 02:46:52,1969,13398,80,17493,5098
2025-03-21 02:46:57,1881,13486,78,17493,5098
2025-03-21 02:47:02,1860,13506,89,17493,5098
2025-03-21 02:47:08,1813,13553,88,17493,5098
2025-03-21 02:47:13,1819,13547,100,17493,5098
2025-03-21 02:47:18,1794,13572,80,17493,5098
2025-03-21 02:47:23,1853,13513,100,17493,5098
2025-03-21 02:47:29,1836,13531,80,17493,5098
2025-03-21 02:47:34,1903,13464,83,17493,5098
2025-03-21 02:47:39,1895,13472,80,17493,5098
2025-03-21 02:47:44,1914,13452,85,17493,5098
2025-03-21 02:47:50,1902,13465,98,17493,5098
2025-03-21 02:47:55,2008,13358,80,17493,5098
2025-03-21 02:48:00,1938,13428,80,17493,5098
2025-03-21 02:48:05,1808,13560,100,17493,5098
2025-03-21 02:48:10,1802,13566,80,17493,5098
2025-03-21 02:48:16,1871,13495,100,17493,5098
2025-03-21 02:48:21,1872,13494,93,17493,5098
2025-03-21 02:48:26,1823,13544,80,17493,5098
2025-03-21 02:48:31,1803,13563,81,17493,5098
2025-03-21 02:48:37,1842,13525,85,17493,5098
2025-03-21 02:48:42,1888,13478,80,17493,5098
2025-03-21 02:48:47,1906,13461,100,17493,5098
2025-03-21 02:48:52,1946,13420,80,17493,5098
2025-03-21 02:48:58,1892,13474,87,17493,5098
2025-03-21 02:49:03,1814,13552,83,17493,5098
2025-03-21 02:49:08,1833,13534,80,17493,5098
2025-03-21 02:49:13,1837,13529,80,17493,5098
2025-03-21 02:49:18,1851,13515,100,17493,5098
2025-03-21 02:49:24,1843,13523,80,17493,5098
2025-03-21 02:49:29,1847,13519,80,17493,5098
2025-03-21 02:49:34,1835,13531,100,17493,5098
2025-03-21 02:49:39,1763,13603,80,17493,5098
2025-03-21 02:49:45,1862,13504,100,17493,5098
2025-03-21 02:49:50,1749,13617,80,17493,5098
2025-03-21 02:49:55,1850,13516,80,17493,5098
2025-03-21 02:50:00,1831,13536,81,17493,5098
2025-03-21 02:50:06,1844,13522,100,17493,5098
2025-03-21 02:50:11,1862,13504,80,17493,5098
2025-03-21 02:50:16,1833,13533,80,17493,5098
2025-03-21 02:50:21,1851,13516,100,17493,5098
2025-03-21 02:50:26,1794,13572,80,17493,5098
2025-03-21 02:50:32,1765,13601,100,17493,5098
2025-03-21 02:50:37,1848,13518,88,17493,5098
2025-03-21 02:50:42,1859,13508,80,17493,5098
2025-03-21 02:50:47,1863,13503,100,17493,5098
2025-03-21 02:50:53,1869,13497,80,17493,5098
2025-03-21 02:50:58,1794,13572,100,17493,5098
2025-03-21 02:51:03,1845,13521,80,17493,5098
2025-03-21 02:51:08,1797,13569,100,17493,5098
2025-03-21 02:51:14,1795,13572,80,17493,5098
2025-03-21 02:51:19,1881,13486,97,17493,5098
2025-03-21 02:51:24,1816,13551,91,17493,5098
2025-03-21 02:51:29,1865,13502,80,17493,5098
2025-03-21 02:51:35,1928,13438,91,17493,5098
2025-03-21 02:51:40,1833,13535,81,17493,5098
2025-03-21 02:51:45,1779,13587,100,17493,5098
2025-03-21 02:51:50,1900,13467,80,17493,5098
2025-03-21 02:51:55,1908,13459,80,17493,5098
2025-03-21 02:52:01,1902,13465,100,17493,5098
2025-03-21 02:52:06,1922,13445,80,17493,5098
2025-03-21 02:52:11,1855,13512,80,17493,5098
2025-03-21 02:52:16,1802,13562,80,17493,5098
2025-03-21 02:52:22,1896,13471,98,17493,5098
2025-03-21 02:52:27,1857,13510,80,17493,5098
2025-03-21 02:52:32,1806,13561,100,17493,5098
2025-03-21 02:52:37,1828,13538,80,17493,5098
2025-03-21 02:52:43,1859,13507,94,17493,5098
2025-03-21 02:52:48,1813,13554,93,17493,5098
2025-03-21 02:52:53,1783,13583,80,17493,5098
2025-03-21 02:52:58,1825,13542,80,17493,5098
2025-03-21 02:53:03,1807,13560,100,17493,5098
2025-03-21 02:53:09,1885,13483,80,17493,5098
2025-03-21 02:53:14,1868,13499,100,17493,5098
2025-03-21 02:53:19,1859,13507,80,17493,5098
2025-03-21 02:53:24,1803,13563,97,17493,5098
2025-03-21 02:53:30,1792,13574,90,17493,5098
2025-03-21 02:53:35,1788,13579,80,17493,5098
2025-03-21 02:53:40,1905,13462,100,17493,5098
2025-03-21 02:53:45,1848,13519,80,17493,5098
2025-03-21 02:53:51,1849,13518,100,17493,5098
2025-03-21 02:53:56,1860,13505,80,17493,5098
2025-03-21 02:54:01,1830,13536,100,17493,5098
2025-03-21 02:54:06,1846,13520,80,17493,5098
2025-03-21 02:54:11,1938,13429,80,17493,5098
2025-03-21 02:54:17,1901,13465,100,17493,5098
2025-03-21 02:54:22,1886,13486,80,17493,5098
2025-03-21 02:54:27,1853,13514,80,17493,5098
2025-03-21 02:54:32,1861,13506,88,17493,5098
2025-03-21 02:54:38,1839,13527,80,17493,5098
2025-03-21 02:54:43,1800,13567,100,17493,5098
2025-03-21 02:54:48,1817,13552,80,17493,5098
2025-03-21 02:54:53,1890,13477,80,17493,5098
2025-03-21 02:54:58,1918,13449,100,17493,5098
2025-03-21 02:55:04,1835,13531,80,17493,5098
2025-03-21 02:55:09,1922,13444,80,17493,5098
2025-03-21 02:55:14,1888,13479,80,17493,5098
2025-03-21 02:55:19,1870,13496,100,17493,5098
2025-03-21 02:55:25,1827,13539,80,17493,5098
2025-03-21 02:55:30,1895,13472,90,17493,5098
2025-03-21 02:55:35,1861,13505,94,17493,5098
2025-03-21 02:55:40,1844,13522,100,17493,5098
2025-03-21 02:55:46,1766,13601,77,17493,5098
2025-03-21 02:55:51,1771,13595,100,17493,5098
2025-03-21 02:55:56,1903,13463,80,17493,5098
2025-03-21 02:56:01,1926,13441,100,17493,5098
2025-03-21 02:56:07,1837,13530,100,17493,5098
2025-03-21 02:56:12,1842,13524,80,17493,5098
2025-03-21 02:56:17,1803,13564,80,17493,5098
2025-03-21 02:56:22,1785,13582,100,17493,5098
2025-03-21 02:56:27,1878,13488,80,17493,5098
2025-03-21 02:56:33,1870,13499,100,17493,5098
2025-03-21 02:56:38,1794,13573,60,17493,5098
2025-03-21 02:56:43,1831,13536,100,17493,5098
2025-03-21 02:56:48,1865,13502,80,17493,5098
2025-03-21 02:56:54,1923,13444,81,17493,5098
2025-03-21 02:56:59,1825,13545,100,17493,5098
2025-03-21 02:57:04,1866,13501,80,17493,5098
2025-03-21 02:57:09,1967,13399,100,17493,5098
2025-03-21 02:57:15,1915,13452,100,17493,5098
2025-03-21 02:57:20,1770,13596,80,17493,5098
2025-03-21 02:57:25,1874,13492,97,17493,5098
2025-03-21 02:57:30,1783,13584,100,17493,5098
2025-03-21 02:57:35,1812,13553,80,17493,5098
2025-03-21 02:57:41,1849,13517,100,17493,5098
2025-03-21 02:57:46,1783,13583,89,17493,5098
2025-03-21 02:57:51,1811,13554,81,17493,5098
2025-03-21 02:57:56,1861,13506,89,17493,5098
2025-03-21 02:58:02,1847,13520,80,17493,5098
2025-03-21 02:58:07,1851,13515,100,17493,5098
2025-03-21 02:58:12,1844,13523,80,17493,5098
2025-03-21 02:58:17,1777,13589,100,17493,5098
2025-03-21 02:58:23,1806,13560,80,17493,5098
2025-03-21 02:58:28,1890,13477,80,17493,5098
2025-03-21 02:58:33,1848,13519,100,17493,5098
2025-03-21 02:58:38,1837,13529,80,17493,5098
2025-03-21 02:58:43,1833,13534,69,17493,5098
2025-03-21 02:58:49,1865,13502,89,17493,5098
2025-03-21 02:58:54,1823,13543,81,17493,5098
2025-03-21 02:58:59,1874,13493,80,17493,5098
2025-03-21 02:59:04,1817,13550,100,17493,5098
2025-03-21 02:59:10,1795,13568,80,17493,5098
2025-03-21 02:59:15,1755,13612,100,17493,5098
2025-03-21 02:59:20,1831,13536,80,17493,5098
2025-03-21 02:59:25,1801,13565,100,17493,5098
2025-03-21 02:59:31,1793,13574,80,17493,5098
2025-03-21 02:59:36,1848,13520,80,17493,5098
2025-03-21 02:59:41,1876,13491,100,17493,5098
2025-03-21 02:59:46,1875,13492,80,17493,5098
2025-03-21 02:59:51,1842,13525,80,17493,5098
2025-03-21 02:59:57,1841,13526,100,17493,5098
2025-03-21 03:00:02,1846,13521,80,17493,5098
2025-03-21 03:00:07,1852,13514,94,17493,5098
2025-03-21 03:00:12,1920,13447,94,17493,5098
2025-03-21 03:00:18,1928,13439,80,17493,5098
2025-03-21 03:00:23,1871,13496,80,17493,5098
2025-03-21 03:00:28,1834,13532,100,17493,5098
2025-03-21 03:00:33,1836,13530,80,17493,5098
2025-03-21 03:00:39,1893,13474,100,17493,5098
2025-03-21 03:00:44,1854,13511,80,17493,5098
2025-03-21 03:00:49,1829,13538,100,17493,5098
2025-03-21 03:00:54,1843,13523,80,17493,5098
2025-03-21 03:00:59,1811,13556,80,17493,5098
2025-03-21 03:01:05,1799,13567,80,17493,5098
2025-03-21 03:01:10,1834,13532,100,17493,5098
2025-03-21 03:01:15,1859,13506,80,17493,5098
2025-03-21 03:01:20,1935,13432,96,17493,5098
2025-03-21 03:01:26,1914,13452,90,17493,5098
2025-03-21 03:01:31,1839,13527,80,17493,5098
2025-03-21 03:01:36,1789,13577,100,17493,5098
2025-03-21 03:01:41,1879,13488,80,17493,5098
2025-03-21 03:01:47,1962,13404,100,17493,5098
2025-03-21 03:01:52,1862,13505,80,17493,5098
2025-03-21 03:01:57,1831,13536,100,17493,5098
2025-03-21 03:02:02,1880,13486,80,17493,5098
2025-03-21 03:02:08,1921,13446,100,17493,5098
2025-03-21 03:02:13,1945,13421,80,17493,5098
2025-03-21 03:02:18,1865,13501,100,17493,5098
2025-03-21 03:02:23,1823,13543,80,17493,5098
2025-03-21 03:02:28,1884,13482,80,17493,5098
2025-03-21 03:02:34,1846,13521,80,17493,5098
2025-03-21 03:02:39,1898,13468,84,17493,5098
2025-03-21 03:02:44,1874,13493,89,17493,5098
2025-03-21 03:02:49,1923,13444,91,17493,5098
2025-03-21 03:02:55,1864,13503,100,17493,5098
2025-03-21 03:03:00,1873,13493,80,17493,5098
2025-03-21 03:03:05,1827,13540,80,17493,5098
2025-03-21 03:03:10,1779,13587,94,17493,5098
2025-03-21 03:03:16,1870,13497,80,17493,5098
2025-03-21 03:03:21,1892,13474,80,17493,5098
2025-03-21 03:03:26,1856,13510,100,17493,5098
2025-03-21 03:03:31,1844,13523,80,17493,5098
2025-03-21 03:03:36,1863,13504,100,17493,5098
2025-03-21 03:03:42,1823,13544,83,17493,5098
2025-03-21 03:03:47,1824,13540,88,17493,5098
2025-03-21 03:03:52,1862,13504,80,17493,5098
2025-03-21 03:03:57,1802,13565,100,17493,5098
2025-03-21 03:04:03,1809,13558,90,17493,5098
2025-03-21 03:04:08,1786,13580,94,17493,5098
2025-03-21 03:04:13,1856,13510,90,17493,5098
2025-03-21 03:04:18,1911,13455,80,17493,5098
2025-03-21 03:04:24,1929,13437,80,17493,5098
2025-03-21 03:04:29,1874,13492,100,17493,5098
2025-03-21 03:04:34,1852,13514,91,17493,5098
2025-03-21 03:04:39,1853,13514,97,17493,5098
2025-03-21 03:04:44,1848,13518,79,17493,5098
2025-03-21 03:04:50,1822,13545,80,17493,5098
2025-03-21 03:04:55,1808,13558,85,17493,5098
2025-03-21 03:05:00,1817,13550,90,17493,5098
2025-03-21 03:05:05,1928,13438,80,17493,5098
2025-03-21 03:05:11,1863,13504,100,17493,5098
2025-03-21 03:05:16,1876,13490,80,17493,5098
2025-03-21 03:05:21,1871,13496,83,17493,5098
2025-03-21 03:05:26,1798,13568,100,17493,5098
2025-03-21 03:05:32,1796,13571,80,17493,5098
2025-03-21 03:05:37,1868,13498,89,17493,5098
2025-03-21 03:05:42,1844,13523,95,17493,5098
2025-03-21 03:05:47,1873,13493,92,17493,5098
2025-03-21 03:05:52,1824,13542,94,17493,5098
2025-03-21 03:05:58,1831,13535,100,17493,5098
2025-03-21 03:06:03,1777,13590,80,17493,5098
2025-03-21 03:06:08,1851,13516,80,17493,5098
2025-03-21 03:06:13,1836,13530,100,17493,5098
2025-03-21 03:06:19,1802,13565,80,17493,5098
2025-03-21 03:06:24,1788,13579,100,17493,5098
2025-03-21 03:06:29,1810,13556,83,17493,5098
2025-03-21 03:06:34,1871,13495,80,17493,5098
2025-03-21 03:06:40,1838,13529,80,17493,5098
2025-03-21 03:06:45,1879,13488,100,17493,5098
2025-03-21 03:06:50,1874,13492,80,17493,5098
2025-03-21 03:06:55,1859,13507,80,17493,5098
2025-03-21 03:07:01,1850,13516,88,17493,5098
2025-03-21 03:07:06,1857,13509,98,17493,5098
2025-03-21 03:07:11,1809,13557,99,17493,5098
2025-03-21 03:07:16,1811,13555,80,17493,5098
2025-03-21 03:07:21,1849,13517,80,17493,5098
2025-03-21 03:07:27,1958,13408,100,17493,5098
2025-03-21 03:07:32,2018,13348,80,17493,5098
2025-03-21 03:07:37,1886,13481,80,17493,5098
2025-03-21 03:07:42,1823,13543,100,17493,5098
2025-03-21 03:07:48,1810,13557,80,17493,5098
2025-03-21 03:07:53,1848,13520,96,17493,5098
2025-03-21 03:07:58,1862,13504,91,17493,5098
2025-03-21 03:08:03,1801,13566,100,17493,5098
2025-03-21 03:08:09,1850,13517,80,17493,5098
2025-03-21 03:08:14,1864,13502,80,17493,5098
2025-03-21 03:08:19,1823,13543,100,17493,5098
2025-03-21 03:08:24,1872,13494,77,17493,5098
2025-03-21 03:08:29,1794,13572,80,17493,5098
2025-03-21 03:08:35,1845,13522,97,17493,5098
2025-03-21 03:08:40,1884,13482,80,17493,5098
2025-03-21 03:08:45,1870,13496,100,17493,5098
2025-03-21 03:08:50,1912,13454,80,17493,5098
2025-03-21 03:08:56,1895,13472,100,17493,5098
2025-03-21 03:09:01,1874,13496,80,17493,5098
2025-03-21 03:09:06,1850,13515,80,17493,5098
2025-03-21 03:09:11,1890,13476,80,17493,5098
2025-03-21 03:09:17,1855,13512,100,17493,5098
2025-03-21 03:09:22,1803,13564,80,17493,5098
2025-03-21 03:09:27,1799,13568,100,17493,5098
2025-03-21 03:09:32,1874,13493,80,17493,5098
2025-03-21 03:09:37,1904,13462,100,17493,5098
2025-03-21 03:09:43,1874,13492,98,17493,5098
2025-03-21 03:09:48,1891,13475,77,17493,5098
2025-03-21 03:09:53,1906,13460,80,17493,5098
2025-03-21 03:09:58,1833,13532,95,17493,5098
2025-03-21 03:10:04,1844,13522,80,17493,5098
2025-03-21 03:10:09,1812,13555,100,17493,5098
2025-03-21 03:10:14,1804,13562,80,17493,5098
2025-03-21 03:10:19,1793,13573,80,17493,5098
2025-03-21 03:10:25,1792,13575,100,17493,5098
2025-03-21 03:10:30,1770,13597,80,17493,5098
2025-03-21 03:10:35,1807,13559,100,17493,5098
2025-03-21 03:10:40,1833,13534,80,17493,5098
2025-03-21 03:10:45,1835,13532,80,17493,5098
2025-03-21 03:10:51,1830,13536,99,17493,5098
2025-03-21 03:10:56,1825,13541,80,17493,5098
2025-03-21 03:11:01,1817,13550,100,17493,5098
2025-03-21 03:11:06,1852,13515,80,17493,5098
2025-03-21 03:11:12,1839,13528,80,17493,5098
2025-03-21 03:11:17,1798,13569,100,17493,5098
2025-03-21 03:11:22,1859,13508,80,17493,5098
2025-03-21 03:11:27,1899,13468,84,17493,5098
2025-03-21 03:11:33,1844,13523,80,17493,5098
2025-03-21 03:11:38,1833,13534,91,17493,5098
2025-03-21 03:11:43,1838,13529,80,17493,5098
2025-03-21 03:11:48,1763,13603,100,17493,5098
2025-03-21 03:11:54,1893,13473,80,17493,5098
2025-03-21 03:11:59,1920,13446,100,17493,5098
2025-03-21 03:12:04,1814,13553,82,17493,5098
2025-03-21 03:12:09,1831,13536,80,17493,5098
2025-03-21 03:12:14,1837,13529,100,17493,5098
2025-03-21 03:12:20,1828,13538,80,17493,5098
2025-03-21 03:12:25,1850,13517,80,17493,5098
2025-03-21 03:12:30,1885,13481,100,17493,5098
2025-03-21 03:12:35,1861,13505,80,17493,5098
2025-03-21 03:12:41,1831,13537,100,17493,5098
2025-03-21 03:12:46,1816,13551,80,17493,5098
2025-03-21 03:12:51,1871,13494,80,17493,5098
2025-03-21 03:12:56,1866,13501,100,17493,5098
2025-03-21 03:13:02,1790,13576,100,17493,5098
2025-03-21 03:13:07,1815,13552,80,17493,5098
2025-03-21 03:13:12,1862,13505,80,17493,5098
2025-03-21 03:13:17,1823,13544,100,17493,5098
2025-03-21 03:13:23,1841,13526,80,17493,5098
2025-03-21 03:13:28,1850,13516,100,17493,5098
2025-03-21 03:13:33,1857,13511,80,17493,5098
2025-03-21 03:13:38,1890,13477,80,17493,5098
2025-03-21 03:13:43,1881,13486,74,17493,5098
2025-03-21 03:13:49,1888,13478,80,17493,5098
2025-03-21 03:13:54,1823,13543,85,17493,5098
2025-03-21 03:13:59,1883,13483,80,17493,5098
2025-03-21 03:14:04,1863,13503,100,17493,5098
2025-03-21 03:14:10,1919,13448,80,17493,5098
2025-03-21 03:14:15,1911,13458,100,17493,5098
2025-03-21 03:14:20,1856,13510,80,17493,5098
2025-03-21 03:14:25,1840,13526,80,17493,5098
2025-03-21 03:14:31,1816,13551,100,17493,5098
2025-03-21 03:14:36,1832,13536,80,17493,5098
2025-03-21 03:14:41,1830,13536,80,17493,5098
2025-03-21 03:14:46,1858,13508,97,17493,5098
2025-03-21 03:14:51,1906,13461,80,17493,5098
2025-03-21 03:14:57,1953,13414,100,17493,5098
2025-03-21 03:15:02,1893,13473,80,17493,5098
2025-03-21 03:15:07,1881,13486,80,17493,5098
2025-03-21 03:15:12,1877,13489,80,17493,5098
2025-03-21 03:15:18,1860,13507,100,17493,5098
2025-03-21 03:15:23,1856,13512,80,17493,5098
2025-03-21 03:15:28,1843,13523,100,17493,5098
2025-03-21 03:15:33,1876,13491,87,17493,5098
2025-03-21 03:15:39,1900,13466,80,17493,5098
2025-03-21 03:15:44,1871,13495,100,17493,5098
2025-03-21 03:15:49,1808,13558,80,17493,5098
2025-03-21 03:15:54,1777,13590,100,17493,5098
2025-03-21 03:15:59,1828,13539,80,17493,5098
2025-03-21 03:16:05,1898,13469,100,17493,5098
2025-03-21 03:16:10,1865,13501,81,17493,5098
2025-03-21 03:16:15,1822,13544,84,17493,5098
2025-03-21 03:16:20,1837,13530,99,17493,5098
2025-03-21 03:16:26,1838,13529,80,17493,5098
2025-03-21 03:16:31,1791,13573,80,17493,5098
2025-03-21 03:16:36,1846,13520,80,17493,5098
2025-03-21 03:16:41,1868,13498,84,17493,5098
2025-03-21 03:16:47,1909,13456,80,17493,5098
2025-03-21 03:16:52,1891,13475,100,17493,5098
2025-03-21 03:16:57,1986,13381,80,17493,5098
2025-03-21 03:17:02,1924,13442,100,17493,5098
2025-03-21 03:17:08,1833,13534,80,17493,5098
2025-03-21 03:17:13,1766,13600,80,17493,5098
2025-03-21 03:17:18,1814,13553,100,17493,5098
2025-03-21 03:17:23,1854,13513,80,17493,5098
2025-03-21 03:17:28,1876,13490,80,17493,5098
2025-03-21 03:17:34,1854,13512,94,17493,5098
2025-03-21 03:17:39,1850,13518,80,17493,5098
2025-03-21 03:17:44,1861,13505,80,17493,5098
2025-03-21 03:17:49,1844,13523,100,17493,5098
2025-03-21 03:17:55,1876,13491,80,17493,5098
2025-03-21 03:18:00,1928,13438,84,17493,5098
2025-03-21 03:18:05,1854,13512,89,17493,5098
2025-03-21 03:18:10,1820,13546,80,17493,5098
2025-03-21 03:18:16,1916,13450,100,17493,5098
2025-03-21 03:18:21,1873,13493,80,17493,5098
2025-03-21 03:18:26,1897,13474,84,17493,5098
2025-03-21 03:18:31,1863,13503,100,17493,5098
2025-03-21 03:18:36,1863,13504,80,17493,5098
2025-03-21 03:18:42,1928,13439,100,17493,5098
2025-03-21 03:18:47,1895,13472,80,17493,5098
2025-03-21 03:18:52,1813,13553,80,17493,5098
2025-03-21 03:18:57,1854,13513,100,17493,5098
2025-03-21 03:19:03,1824,13543,80,17493,5098
2025-03-21 03:19:08,1847,13519,98,17493,5098
2025-03-21 03:19:13,1894,13472,92,17493,5098
2025-03-21 03:19:18,1897,13469,80,17493,5098
2025-03-21 03:19:24,1832,13535,100,17493,5098
2025-03-21 03:19:29,1847,13523,81,17493,5098
2025-03-21 03:19:34,1897,13470,80,17493,5098
2025-03-21 03:19:39,1905,13462,100,17493,5098
2025-03-21 03:19:44,1888,13478,80,17493,5098
2025-03-21 03:19:50,1914,13453,80,17493,5098
2025-03-21 03:19:55,1876,13490,100,17493,5098
2025-03-21 03:20:00,1938,13428,80,17493,5098
2025-03-21 03:20:05,1903,13461,80,17493,5098
2025-03-21 03:20:11,1861,13505,100,17493,5098
2025-03-21 03:20:16,1804,13562,80,17493,5098
2025-03-21 03:20:21,1802,13565,80,17493,5098
2025-03-21 03:20:26,1842,13525,100,17493,5098
2025-03-21 03:20:32,1802,13563,80,17493,5098
2025-03-21 03:20:37,1813,13554,80,17493,5098
2025-03-21 03:20:42,1795,13571,100,17493,5098
2025-03-21 03:20:47,1801,13566,99,17493,5098
2025-03-21 03:20:52,1862,13505,80,17493,5098
2025-03-21 03:20:58,1854,13512,67,17493,5098
2025-03-21 03:21:03,1847,13519,80,17493,5098
2025-03-21 03:21:08,1823,13543,100,17493,5098
2025-03-21 03:21:13,1816,13550,80,17493,5098
2025-03-21 03:21:19,1811,13555,80,17493,5098
2025-03-21 03:21:24,1845,13521,100,17493,5098
2025-03-21 03:21:29,1876,13490,80,17493,5098
2025-03-21 03:21:34,1799,13568,100,17493,5098
2025-03-21 03:21:40,1810,13557,80,17493,5098
2025-03-21 03:21:45,1851,13520,98,17493,5098
2025-03-21 03:21:50,1857,13509,80,17493,5098
2025-03-21 03:21:55,1816,13550,80,17493,5098
2025-03-21 03:22:00,1801,13566,100,17493,5098
2025-03-21 03:22:06,1862,13505,80,17493,5098
2025-03-21 03:22:11,1847,13520,98,17493,5098
2025-03-21 03:22:16,1768,13599,80,17493,5098
2025-03-21 03:22:21,1847,13520,100,17493,5098
2025-03-21 03:22:27,1910,13455,80,17493,5098
2025-03-21 03:22:32,1868,13499,80,17493,5098
2025-03-21 03:22:37,1877,13489,80,17493,5098
2025-03-21 03:22:42,1970,13396,100,17493,5098
2025-03-21 03:22:48,1912,13455,80,17493,5098
2025-03-21 03:22:53,1897,13470,80,17493,5098
2025-03-21 03:22:58,1821,13546,87,17493,5098
2025-03-21 03:23:03,1784,13582,100,17493,5098
2025-03-21 03:23:09,1864,13503,80,17493,5098
2025-03-21 03:23:14,1835,13532,80,17493,5098
2025-03-21 03:23:19,1791,13575,80,17493,5098
2025-03-21 03:23:24,1778,13589,100,17493,5098
2025-03-21 03:23:29,1834,13533,80,17493,5098
2025-03-21 03:23:35,1839,13528,100,17493,5098
2025-03-21 03:23:40,1841,13526,80,17493,5098
2025-03-21 03:23:45,1813,13553,95,17493,5098
2025-03-21 03:23:50,1786,13580,94,17493,5098
2025-03-21 03:23:56,1848,13518,98,17493,5098
2025-03-21 03:24:01,1858,13508,76,17493,5098
2025-03-21 03:24:06,1812,13554,80,17493,5098
2025-03-21 03:24:11,1870,13496,80,17493,5098
2025-03-21 03:24:17,1958,13412,80,17493,5098
2025-03-21 03:24:22,1938,13428,100,17493,5098
2025-03-21 03:24:27,1871,13496,80,17493,5098
2025-03-21 03:24:32,1830,13536,100,17493,5098
2025-03-21 03:24:38,1820,13546,80,17493,5098
2025-03-21 03:24:43,1835,13531,100,17493,5098
2025-03-21 03:24:48,1826,13540,80,17493,5098
2025-03-21 03:24:53,1840,13526,80,17493,5098
2025-03-21 03:24:58,1873,13493,100,17493,5098
2025-03-21 03:25:04,1882,13485,80,17493,5098
2025-03-21 03:25:09,1918,13447,80,17493,5098
2025-03-21 03:25:14,1857,13509,100,17493,5098
2025-03-21 03:25:19,1831,13537,80,17493,5098
2025-03-21 03:25:25,1787,13579,100,17493,5098
2025-03-21 03:25:30,1899,13467,80,17493,5098
2025-03-21 03:25:35,1864,13502,80,17493,5098
2025-03-21 03:25:40,1935,13432,100,17493,5098
2025-03-21 03:25:46,1905,13462,80,17493,5098
2025-03-21 03:25:51,1872,13495,100,17493,5098
2025-03-21 03:25:56,1851,13515,80,17493,5098
2025-03-21 03:26:01,1834,13533,89,17493,5098
2025-03-21 03:26:07,1836,13530,83,17493,5098
2025-03-21 03:26:12,1823,13543,80,17493,5098
2025-03-21 03:26:17,1836,13530,80,17493,5098
2025-03-21 03:26:22,1840,13527,80,17493,5098
2025-03-21 03:26:27,1989,13377,89,17493,5098
2025-03-21 03:26:33,1905,13461,81,17493,5098
2025-03-21 03:26:38,1825,13541,100,17493,5098
2025-03-21 03:26:43,1848,13517,80,17493,5098
2025-03-21 03:26:48,1832,13535,100,17493,5098
2025-03-21 03:26:54,1816,13550,80,17493,5098
2025-03-21 03:26:59,1797,13570,100,17493,5098
2025-03-21 03:27:04,1846,13521,60,17493,5098
2025-03-21 03:27:09,1878,13488,100,17493,5098
2025-03-21 03:27:15,1911,13456,80,17493,5098
2025-03-21 03:27:20,1831,13537,100,17493,5098
2025-03-21 03:27:25,1794,13573,81,17493,5098
2025-03-21 03:27:30,1831,13536,97,17493,5098
2025-03-21 03:27:35,1860,13507,80,17493,5098
2025-03-21 03:27:41,1784,13582,81,17493,5098
2025-03-21 03:27:46,1782,13586,89,17493,5098
2025-03-21 03:27:51,1817,13549,82,17493,5098
2025-03-21 03:27:56,1915,13452,80,17493,5098
2025-03-21 03:28:02,1905,13461,100,17493,5098
2025-03-21 03:28:07,1841,13526,94,17493,5098
2025-03-21 03:28:12,1783,13583,90,17493,5098
2025-03-21 03:28:17,1812,13554,100,17493,5098
2025-03-21 03:28:23,1878,13488,78,17493,5098
2025-03-21 03:28:28,1886,13479,80,17493,5098
2025-03-21 03:28:33,1862,13505,80,17493,5098
2025-03-21 03:28:38,1821,13546,80,17493,5098
2025-03-21 03:28:43,1765,13601,100,17493,5098
2025-03-21 03:28:49,1842,13525,81,17493,5098
2025-03-21 03:28:54,1808,13559,89,17493,5098
2025-03-21 03:28:59,1820,13546,80,17493,5098
2025-03-21 03:29:04,1856,13510,92,17493,5098
2025-03-21 03:29:10,1971,13395,80,17493,5098
2025-03-21 03:29:15,1921,13446,85,17493,5098
2025-03-21 03:29:20,1904,13463,80,17493,5098
2025-03-21 03:29:25,1864,13502,100,17493,5098
2025-03-21 03:29:31,1846,13520,80,17493,5098
2025-03-21 03:29:36,1887,13480,80,17493,5098
2025-03-21 03:29:41,1794,13573,100,17493,5098
2025-03-21 03:29:46,1825,13541,80,17493,5098
2025-03-21 03:29:51,1813,13554,100,17493,5098
2025-03-21 03:29:57,1820,13546,80,17493,5098
2025-03-21 03:30:02,1836,13531,97,17493,5098
2025-03-21 03:30:07,1830,13537,80,17493,5098
2025-03-21 03:30:12,1794,13572,100,17493,5098
2025-03-21 03:30:18,1867,13499,80,17493,5098
2025-03-21 03:30:23,1883,13484,100,17493,5098
2025-03-21 03:30:28,1902,13465,80,17493,5098
2025-03-21 03:30:33,1944,13422,80,17493,5098
2025-03-21 03:30:39,1775,13592,100,17493,5098
2025-03-21 03:30:44,1823,13543,80,17493,5098
2025-03-21 03:30:49,1832,13535,80,17493,5098
2025-03-21 03:30:54,1834,13533,95,17493,5098
2025-03-21 03:30:59,1891,13476,90,17493,5098
2025-03-21 03:31:05,1812,13554,100,17493,5098
2025-03-21 03:31:10,1850,13516,80,17493,5098
2025-03-21 03:31:15,1809,13557,100,17493,5098
2025-03-21 03:31:20,1834,13533,80,17493,5098
2025-03-21 03:31:26,1823,13543,80,17493,5098
2025-03-21 03:31:31,1854,13513,84,17493,5098
2025-03-21 03:31:36,1822,13545,88,17493,5098
2025-03-21 03:31:41,1876,13491,98,17493,5098
2025-03-21 03:31:47,1874,13492,80,17493,5098
2025-03-21 03:31:52,1824,13542,98,17493,5098
2025-03-21 03:31:57,1792,13574,80,17493,5098
2025-03-21 03:32:02,1781,13585,100,17493,5098
2025-03-21 03:32:07,1790,13576,60,17493,5098
2025-03-21 03:32:13,1850,13516,80,17493,5098
2025-03-21 03:32:18,1792,13574,100,17493,5098
2025-03-21 03:32:23,1860,13506,80,17493,5098
2025-03-21 03:32:28,1844,13523,100,17493,5098
2025-03-21 03:32:34,1871,13495,80,17493,5098
2025-03-21 03:32:39,1840,13527,83,17493,5098
2025-03-21 03:32:44,1828,13538,97,17493,5098
2025-03-21 03:32:49,1845,13522,80,17493,5098
2025-03-21 03:32:55,1829,13538,100,17493,5098
2025-03-21 03:33:00,1825,13541,80,17493,5098
2025-03-21 03:33:05,1889,13477,100,17493,5098
2025-03-21 03:33:10,1886,13481,80,17493,5098
2025-03-21 03:33:15,1915,13451,83,17493,5098
2025-03-21 03:33:21,1894,13472,80,17493,5098
2025-03-21 03:33:26,1890,13476,80,17493,5098
2025-03-21 03:33:31,1851,13515,100,17493,5098
2025-03-21 03:33:36,1848,13520,80,17493,5098
2025-03-21 03:33:42,1819,13548,80,17493,5098
2025-03-21 03:33:47,1838,13529,100,17493,5098
2025-03-21 03:33:52,1840,13528,80,17493,5098
2025-03-21 03:33:57,1819,13548,100,17493,5098
2025-03-21 03:34:03,1812,13554,80,17493,5098
2025-03-21 03:34:08,1824,13543,100,17493,5098
2025-03-21 03:34:13,1856,13510,80,17493,5098
2025-03-21 03:34:18,1946,13420,80,17493,5098
2025-03-21 03:34:24,1916,13451,100,17493,5098
2025-03-21 03:34:29,1865,13502,80,17493,5098
2025-03-21 03:34:34,1784,13583,80,17493,5098
2025-03-21 03:34:39,1820,13547,99,17493,5098
2025-03-21 03:34:44,1812,13555,88,17493,5098
2025-03-21 03:34:50,1847,13519,80,17493,5098
2025-03-21 03:34:55,1830,13536,80,17493,5098
2025-03-21 03:35:00,1819,13547,100,17493,5098
2025-03-21 03:35:05,1884,13483,80,17493,5098
2025-03-21 03:35:11,1900,13467,100,17493,5098
2025-03-21 03:35:16,1813,13554,80,17493,5098
2025-03-21 03:35:21,1808,13559,100,17493,5098
2025-03-21 03:35:26,1807,13560,80,17493,5098
2025-03-21 03:35:32,1804,13562,100,17493,5098
2025-03-21 03:35:37,1869,13497,80,17493,5098
2025-03-21 03:35:42,1893,13473,80,17493,5098
2025-03-21 03:35:47,1904,13462,76,17493,5098
2025-03-21 03:35:52,1842,13525,84,17493,5098
2025-03-21 03:35:58,1845,13520,91,17493,5098
2025-03-21 03:36:03,1868,13499,80,17493,5098
2025-03-21 03:36:08,1853,13513,100,17493,5098
2025-03-21 03:36:13,1851,13516,80,17493,5098
2025-03-21 03:36:19,1829,13538,100,17493,5098
2025-03-21 03:36:24,1835,13531,80,17493,5098
2025-03-21 03:36:29,1899,13468,80,17493,5098
2025-03-21 03:36:34,1880,13487,93,17493,5098
2025-03-21 03:36:39,1860,13507,100,17493,5098
2025-03-21 03:36:45,1855,13512,80,17493,5098
2025-03-21 03:36:50,1842,13524,100,17493,5098
2025-03-21 03:36:55,1859,13508,80,17493,5098
2025-03-21 03:37:00,1835,13532,80,17493,5098
2025-03-21 03:37:06,1825,13542,100,17493,5098
2025-03-21 03:37:11,1785,13582,67,17493,5098
2025-03-21 03:37:16,1807,13559,93,17493,5098
2025-03-21 03:37:21,1849,13517,100,17493,5098
2025-03-21 03:37:27,1864,13502,80,17493,5098
2025-03-21 03:37:32,1883,13484,87,17493,5098
2025-03-21 03:37:37,1852,13514,100,17493,5098
2025-03-21 03:37:42,1905,13462,89,17493,5098
2025-03-21 03:37:47,1894,13473,83,17493,5098
2025-03-21 03:37:53,1884,13484,80,17493,5098
2025-03-21 03:37:58,1876,13492,100,17493,5098
2025-03-21 03:38:03,1836,13531,80,17493,5098
2025-03-21 03:38:08,1837,13530,80,17493,5098
2025-03-21 03:38:14,1912,13455,100,17493,5098
2025-03-21 03:38:19,1852,13515,80,17493,5098
2025-03-21 03:38:24,1833,13533,100,17493,5098
2025-03-21 03:38:29,1894,13472,80,17493,5098
2025-03-21 03:38:35,1861,13505,100,17493,5098
2025-03-21 03:38:40,1902,13469,80,17493,5098
2025-03-21 03:38:45,1888,13478,85,17493,5098
2025-03-21 03:38:50,1815,13551,79,17493,5098
2025-03-21 03:38:55,1862,13505,80,17493,5098
2025-03-21 03:39:01,1799,13567,100,17493,5098
2025-03-21 03:39:06,1764,13603,80,17493,5098
2025-03-21 03:39:11,1777,13589,100,17493,5098
2025-03-21 03:39:16,1900,13467,80,17493,5098
2025-03-21 03:39:22,1884,13483,100,17493,5098
2025-03-21 03:39:27,1797,13570,78,17493,5098
2025-03-21 03:39:32,1867,13500,80,17493,5098
2025-03-21 03:39:37,1869,13498,80,17493,5098
2025-03-21 03:39:43,1902,13465,100,17493,5098
2025-03-21 03:39:48,1878,13489,80,17493,5098
2025-03-21 03:39:53,1820,13548,100,17493,5098
2025-03-21 03:39:58,1832,13534,100,17493,5098
2025-03-21 03:40:03,1825,13541,80,17493,5098
2025-03-21 03:40:09,1846,13521,80,17493,5098
2025-03-21 03:40:14,1831,13535,80,17493,5098
2025-03-21 03:40:19,1876,13490,100,17493,5098
2025-03-21 03:40:24,1881,13486,80,17493,5098
2025-03-21 03:40:30,1897,13469,100,17493,5098
2025-03-21 03:40:35,1913,13454,80,17493,5098
2025-03-21 03:40:40,1840,13526,100,17493,5098
2025-03-21 03:40:45,1826,13540,80,17493,5098
2025-03-21 03:40:51,1830,13536,86,17493,5098
2025-03-21 03:40:56,1812,13555,99,17493,5098
2025-03-21 03:41:01,1783,13583,80,17493,5098
2025-03-21 03:41:06,1789,13578,80,17493,5098
2025-03-21 03:41:11,1804,13562,100,17493,5098
2025-03-21 03:41:17,1824,13543,80,17493,5098
2025-03-21 03:41:22,1874,13493,100,17493,5098
2025-03-21 03:41:27,1925,13442,80,17493,5098
2025-03-21 03:41:32,1928,13439,94,17493,5098
2025-03-21 03:41:38,1840,13529,86,17493,5098
2025-03-21 03:41:43,1878,13488,84,17493,5098
2025-03-21 03:41:48,1815,13551,81,17493,5098
2025-03-21 03:41:53,1853,13513,89,17493,5098
2025-03-21 03:41:59,1821,13545,80,17493,5098
2025-03-21 03:42:04,1870,13496,100,17493,5098
2025-03-21 03:42:09,1818,13549,80,17493,5098
2025-03-21 03:42:14,1748,13618,100,17493,5098
2025-03-21 03:42:19,1844,13523,68,17493,5098
2025-03-21 03:42:25,1861,13506,80,17493,5098
2025-03-21 03:42:30,1862,13505,100,17493,5098
2025-03-21 03:42:35,1839,13527,80,17493,5098
2025-03-21 03:42:40,1852,13514,100,17493,5098
2025-03-21 03:42:46,1879,13487,80,17493,5098
2025-03-21 03:42:51,1843,13524,81,17493,5098
2025-03-21 03:42:56,1862,13504,89,17493,5098
2025-03-21 03:43:01,1874,13492,98,17493,5098
2025-03-21 03:43:07,1808,13559,80,17493,5098
2025-03-21 03:43:12,1865,13501,80,17493,5098
2025-03-21 03:43:17,1875,13492,100,17493,5098
2025-03-21 03:43:22,1911,13455,80,17493,5098
2025-03-21 03:43:27,1954,13412,80,17493,5098
2025-03-21 03:43:33,1927,13439,100,17493,5098
2025-03-21 03:43:38,1905,13461,80,17493,5098
2025-03-21 03:43:43,1866,13501,100,17493,5098
2025-03-21 03:43:48,1795,13571,80,17493,5098
2025-03-21 03:43:54,1849,13517,80,17493,5098
2025-03-21 03:43:59,1865,13501,100,17493,5098
2025-03-21 03:44:04,1825,13541,80,17493,5098
2025-03-21 03:44:09,1836,13530,80,17493,5098
2025-03-21 03:44:15,1835,13531,100,17493,5098
2025-03-21 03:44:20,1806,13560,93,17493,5098
2025-03-21 03:44:25,1836,13531,80,17493,5098
2025-03-21 03:44:30,1853,13513,80,17493,5098
2025-03-21 03:44:35,1930,13437,80,17493,5098
2025-03-21 03:44:41,1864,13502,100,17493,5098
2025-03-21 03:44:46,1906,13461,80,17493,5098
2025-03-21 03:44:51,1884,13482,100,17493,5098
2025-03-21 03:44:56,1875,13492,80,17493,5098
2025-03-21 03:45:02,1846,13525,80,17493,5098
2025-03-21 03:45:07,1841,13526,100,17493,5098
2025-03-21 03:45:12,1922,13445,80,17493,5098
2025-03-21 03:45:17,1895,13471,80,17493,5098
2025-03-21 03:45:23,1899,13467,80,17493,5098
2025-03-21 03:45:28,1767,13600,100,17493,5098
2025-03-21 03:45:33,1903,13463,100,17493,5098
2025-03-21 03:45:38,1911,13457,80,17493,5098
2025-03-21 03:45:44,1885,13481,100,17493,5098
2025-03-21 03:45:49,1901,13466,80,17493,5098
2025-03-21 03:45:54,1899,13467,80,17493,5098
2025-03-21 03:45:59,1926,13442,100,17493,5098
2025-03-21 03:46:04,1929,13435,80,17493,5098
2025-03-21 03:46:10,1898,13467,80,17493,5098
2025-03-21 03:46:15,1890,13476,100,17493,5098
2025-03-21 03:46:20,1844,13523,80,17493,5098
2025-03-21 03:46:25,1905,13461,80,17493,5098
2025-03-21 03:46:31,1925,13442,100,17493,5098
2025-03-21 03:46:36,1860,13506,88,17493,5098
2025-03-21 03:46:41,1839,13527,100,17493,5098
2025-03-21 03:46:46,1802,13563,80,17493,5098
2025-03-21 03:46:52,1792,13574,100,17493,5098
2025-03-21 03:46:57,1915,13452,80,17493,5098
2025-03-21 03:47:02,1888,13478,80,17493,5098
2025-03-21 03:47:07,1905,13462,80,17493,5098
2025-03-21 03:47:12,1844,13522,100,17493,5098
2025-03-21 03:47:18,1817,13550,94,17493,5098
2025-03-21 03:47:23,1922,13444,80,17493,5098
2025-03-21 03:47:28,1866,13501,80,17493,5098
2025-03-21 03:47:33,1889,13477,80,17493,5098
2025-03-21 03:47:39,1881,13486,100,17493,5098
2025-03-21 03:47:44,1869,13497,80,17493,5098
2025-03-21 03:47:49,1848,13519,86,17493,5098
2025-03-21 03:47:54,1799,13568,98,17493,5098
2025-03-21 03:48:00,1840,13527,89,17493,5098
2025-03-21 03:48:05,1876,13490,98,17493,5098
2025-03-21 03:48:10,1920,13447,80,17493,5098
2025-03-21 03:48:15,1923,13444,83,17493,5098
2025-03-21 03:48:20,1862,13506,100,17493,5098
2025-03-21 03:48:26,1858,13508,80,17493,5098
2025-03-21 03:48:31,1848,13518,100,17493,5098
2025-03-21 03:48:36,1864,13502,80,17493,5098
2025-03-21 03:48:41,1924,13441,80,17493,5098
2025-03-21 03:48:47,1919,13452,100,17493,5098
2025-03-21 03:48:52,1838,13529,80,17493,5098
2025-03-21 03:48:57,1832,13535,93,17493,5098
2025-03-21 03:49:02,1817,13549,80,17493,5098
2025-03-21 03:49:08,1813,13551,80,17493,5098
2025-03-21 03:49:13,1862,13504,80,17493,5098
2025-03-21 03:49:18,1878,13489,100,17493,5098
2025-03-21 03:49:23,1882,13484,82,17493,5098
2025-03-21 03:49:28,1777,13589,89,17493,5098
2025-03-21 03:49:34,1824,13542,92,17493,5098
2025-03-21 03:49:39,1912,13454,90,17493,5098
2025-03-21 03:49:44,1989,13378,80,17493,5098
2025-03-21 03:49:49,1882,13484,80,17493,5098
2025-03-21 03:49:55,1876,13495,80,17493,5098
2025-03-21 03:50:00,1840,13526,80,17493,5098
2025-03-21 03:50:05,1866,13500,100,17493,5098
2025-03-21 03:50:10,1834,13532,80,17493,5098
2025-03-21 03:50:16,1829,13537,97,17493,5098
2025-03-21 03:50:21,1804,13563,100,17493,5098
2025-03-21 03:50:26,1771,13596,80,17493,5098
2025-03-21 03:50:31,1760,13607,80,17493,5098
2025-03-21 03:50:36,1859,13508,89,17493,5098
2025-03-21 03:50:42,1869,13498,80,17493,5098
2025-03-21 03:50:47,1844,13522,90,17493,5098
2025-03-21 03:50:52,1880,13487,97,17493,5098
2025-03-21 03:50:57,1917,13449,80,17493,5098
2025-03-21 03:51:03,1928,13438,83,17493,5098
2025-03-21 03:51:08,1950,13417,85,17493,5098
2025-03-21 03:51:13,1887,13480,80,17493,5098
2025-03-21 03:51:18,1839,13529,100,17493,5098
2025-03-21 03:51:24,1817,13549,73,17493,5098
2025-03-21 03:51:29,1804,13562,100,17493,5098
2025-03-21 03:51:34,1878,13488,80,17493,5098
2025-03-21 03:51:39,1875,13492,82,17493,5098
2025-03-21 03:51:45,1857,13509,89,17493,5098
2025-03-21 03:51:50,1877,13489,80,17493,5098
2025-03-21 03:51:55,1815,13552,100,17493,5098
2025-03-21 03:52:00,1869,13494,80,17493,5098
2025-03-21 03:52:05,1927,13440,91,17493,5098
2025-03-21 03:52:11,1815,13552,100,17493,5098
2025-03-21 03:52:16,1815,13551,80,17493,5098
2025-03-21 03:52:21,1917,13449,80,17493,5098
2025-03-21 03:52:26,1942,13424,100,17493,5098
2025-03-21 03:52:32,1972,13394,80,17493,5098
2025-03-21 03:52:37,1881,13490,82,17493,5098
2025-03-21 03:52:42,1845,13522,100,17493,5098
2025-03-21 03:52:47,1799,13567,80,17493,5098
2025-03-21 03:52:53,1856,13510,80,17493,5098
2025-03-21 03:52:58,1830,13537,100,17493,5098
2025-03-21 03:53:03,1849,13518,80,17493,5098
2025-03-21 03:53:08,1858,13509,83,17493,5098
2025-03-21 03:53:13,1805,13561,100,17493,5098
2025-03-21 03:53:19,1819,13548,80,17493,5098
2025-03-21 03:53:24,1773,13593,100,17493,5098
2025-03-21 03:53:29,1901,13465,81,17493,5098
2025-03-21 03:53:34,1841,13526,80,17493,5098
2025-03-21 03:53:40,1817,13550,100,17493,5098
2025-03-21 03:53:45,1868,13498,80,17493,5098
2025-03-21 03:53:50,1837,13529,92,17493,5098
2025-03-21 03:53:55,1777,13590,80,17493,5098
2025-03-21 03:54:01,1800,13567,100,17493,5098
2025-03-21 03:54:06,1848,13519,85,17493,5098
2025-03-21 03:54:11,1852,13514,81,17493,5098
2025-03-21 03:54:16,1815,13551,89,17493,5098
2025-03-21 03:54:21,1880,13486,80,17493,5098
2025-03-21 03:54:27,1849,13523,100,17493,5098
2025-03-21 03:54:32,1839,13527,80,17493,5098
2025-03-21 03:54:37,1830,13536,100,17493,5098
2025-03-21 03:54:42,1806,13560,80,17493,5098
2025-03-21 03:54:48,1770,13596,100,17493,5098
2025-03-21 03:54:53,1746,13620,80,17493,5098
2025-03-21 03:54:58,1871,13495,80,17493,5098
2025-03-21 03:55:03,1964,13403,100,17493,5098
2025-03-21 03:55:09,1875,13492,80,17493,5098
2025-03-21 03:55:14,1923,13443,80,17493,5098
2025-03-21 03:55:19,1929,13437,80,17493,5098
2025-03-21 03:55:24,1905,13461,100,17493,5098
2025-03-21 03:55:29,1831,13535,80,17493,5098
2025-03-21 03:55:35,1803,13563,100,17493,5098
2025-03-21 03:55:40,1883,13483,80,17493,5098
2025-03-21 03:55:45,1874,13492,80,17493,5098
2025-03-21 03:55:50,1900,13467,100,17493,5098
2025-03-21 03:55:56,1861,13506,80,17493,5098
2025-03-21 03:56:01,1876,13491,80,17493,5098
2025-03-21 03:56:06,1881,13486,97,17493,5098
2025-03-21 03:56:11,1935,13431,80,17493,5098
2025-03-21 03:56:17,1867,13499,100,17493,5098
2025-03-21 03:56:22,1819,13548,80,17493,5098
2025-03-21 03:56:27,1811,13555,80,17493,5098
2025-03-21 03:56:32,1796,13570,100,17493,5098
2025-03-21 03:56:37,1875,13491,80,17493,5098
2025-03-21 03:56:43,1889,13477,80,17493,5098
2025-03-21 03:56:48,1857,13509,100,17493,5098
2025-03-21 03:56:53,1936,13431,80,17493,5098
2025-03-21 03:56:58,1998,13371,94,17493,5098
2025-03-21 03:57:04,1936,13431,80,17493,5098
2025-03-21 03:57:09,1863,13503,100,17493,5098
2025-03-21 03:57:14,1849,13517,80,17493,5098
2025-03-21 03:57:19,1811,13554,84,17493,5098
2025-03-21 03:57:25,1898,13468,80,17493,5098
2025-03-21 03:57:30,1831,13538,100,17493,5098
2025-03-21 03:57:35,1839,13528,81,17493,5098
2025-03-21 03:57:40,1846,13520,100,17493,5098
2025-03-21 03:57:45,1858,13508,80,17493,5098
2025-03-21 03:57:51,1874,13492,100,17493,5098
2025-03-21 03:57:56,1831,13535,80,17493,5098
2025-03-21 03:58:01,1911,13456,87,17493,5098
2025-03-21 03:58:06,1850,13516,80,17493,5098
2025-03-21 03:58:12,1815,13552,100,17493,5098
2025-03-21 03:58:17,1879,13491,80,17493,5098
2025-03-21 03:58:22,1854,13512,80,17493,5098
2025-03-21 03:58:27,1781,13585,91,17493,5098
2025-03-21 03:58:33,1855,13515,80,17493,5098
2025-03-21 03:58:38,1877,13490,100,17493,5098
2025-03-21 03:58:43,1811,13554,80,17493,5098
2025-03-21 03:58:48,1942,13425,80,17493,5098
2025-03-21 03:58:53,1855,13512,90,17493,5098
2025-03-21 03:58:59,1852,13514,97,17493,5098
