Timestamp,Used_Mem(MB),Avail_Mem(MB),GPU0_Util(%),GPU0_MemUsed(MB),GPU0_MemFree(MB)
2025-03-21 10:23:20,1826,13539,0,4,22587
2025-03-21 10:23:26,3986,11381,0,4,22587
2025-03-21 10:23:31,4682,10685,0,4,22587
2025-03-21 10:23:36,5367,9998,0,4,22587
2025-03-21 10:23:41,5165,10202,0,41,22549
2025-03-21 10:25:44,1630,13736,0,4,22587
2025-03-21 10:25:50,3114,12258,29,1917,20673
2025-03-21 10:25:55,1958,13408,80,17491,5099
2025-03-21 10:26:00,2108,13259,80,17493,5098
2025-03-21 10:26:05,2150,13217,80,17493,5098
2025-03-21 10:26:10,2059,13307,80,17493,5098
2025-03-21 10:26:16,1854,13514,60,17493,5098
2025-03-21 10:26:21,1955,13412,78,17493,5098
2025-03-21 10:26:26,1986,13379,80,17493,5098
2025-03-21 10:26:31,1885,13481,80,17493,5098
2025-03-21 10:26:37,1811,13555,80,17493,5098
2025-03-21 10:26:42,1869,13497,80,17493,5098
2025-03-21 10:26:47,1904,13462,100,17493,5098
2025-03-21 10:26:52,1869,13498,81,17493,5098
2025-03-21 10:26:58,1884,13482,80,17493,5098
2025-03-21 10:27:03,1812,13554,60,17493,5098
2025-03-21 10:27:08,1881,13485,80,17493,5098
2025-03-21 10:27:13,1913,13454,80,17493,5098
2025-03-21 10:27:19,1876,13490,100,17493,5098
2025-03-21 10:27:24,1917,13449,80,17493,5098
2025-03-21 10:27:29,1950,13416,100,17493,5098
2025-03-21 10:27:34,1892,13474,81,17493,5098
2025-03-21 10:27:39,1821,13546,80,17493,5098
2025-03-21 10:27:45,1804,13562,100,17493,5098
2025-03-21 10:27:50,1822,13544,82,17493,5098
2025-03-21 10:27:55,1805,13562,80,17493,5098
2025-03-21 10:28:00,1879,13488,100,17493,5098
2025-03-21 10:28:06,1893,13478,60,17493,5098
2025-03-21 10:28:11,1838,13528,87,17493,5098
2025-03-21 10:28:16,1842,13525,80,17493,5098
2025-03-21 10:28:21,1895,13474,100,17493,5098
2025-03-21 10:28:27,1874,13492,80,17493,5098
2025-03-21 10:28:32,1829,13537,99,17493,5098
2025-03-21 10:28:37,1835,13531,80,17493,5098
2025-03-21 10:28:42,1859,13507,80,17493,5098
2025-03-21 10:28:47,1848,13519,100,17493,5098
2025-03-21 10:28:53,1869,13498,80,17493,5098
2025-03-21 10:28:58,1880,13487,100,17493,5098
2025-03-21 10:29:03,1837,13530,80,17493,5098
2025-03-21 10:29:08,1842,13525,100,17493,5098
2025-03-21 10:29:14,1825,13541,92,17493,5098
2025-03-21 10:29:19,1885,13482,80,17493,5098
2025-03-21 10:29:24,1813,13553,80,17493,5098
2025-03-21 10:29:29,1902,13465,100,17493,5098
2025-03-21 10:29:35,1885,13483,80,17493,5098
2025-03-21 10:29:40,1907,13460,100,17493,5098
2025-03-21 10:29:45,1870,13496,80,17493,5098
2025-03-21 10:29:50,1801,13565,100,17493,5098
2025-03-21 10:29:55,1884,13483,80,17493,5098
2025-03-21 10:30:01,1864,13502,80,17493,5098
2025-03-21 10:30:06,1842,13526,100,17493,5098
2025-03-21 10:30:11,1837,13529,100,17493,5098
2025-03-21 10:30:16,1840,13526,80,17493,5098
2025-03-21 10:30:22,1870,13497,99,17493,5098
2025-03-21 10:30:27,1858,13508,80,17493,5098
2025-03-21 10:30:32,1866,13500,99,17493,5098
2025-03-21 10:30:37,1859,13507,80,17493,5098
2025-03-21 10:30:43,1849,13517,90,17493,5098
2025-03-21 10:30:48,1872,13495,80,17493,5098
2025-03-21 10:30:53,1906,13461,97,17493,5098
2025-03-21 10:30:58,1883,13484,80,17493,5098
2025-03-21 10:31:03,1880,13486,100,17493,5098
2025-03-21 10:31:09,1855,13510,80,17493,5098
2025-03-21 10:31:14,1881,13486,80,17493,5098
2025-03-21 10:31:19,1863,13504,83,17493,5098
2025-03-21 10:31:24,1863,13503,100,17493,5098
2025-03-21 10:31:30,1856,13511,80,17493,5098
2025-03-21 10:31:35,1849,13518,100,17493,5098
2025-03-21 10:31:40,1877,13489,80,17493,5098
2025-03-21 10:31:45,1847,13520,100,17493,5098
2025-03-21 10:31:51,1826,13540,80,17493,5098
2025-03-21 10:31:56,1917,13449,81,17493,5098
2025-03-21 10:32:01,1848,13518,100,17493,5098
2025-03-21 10:32:06,1865,13502,80,17493,5098
2025-03-21 10:32:11,1898,13468,80,17493,5098
2025-03-21 10:32:17,1879,13487,100,17493,5098
2025-03-21 10:32:22,1889,13477,80,17493,5098
2025-03-21 10:32:27,1864,13503,100,17493,5098
2025-03-21 10:32:32,1876,13490,80,17493,5098
2025-03-21 10:32:38,1856,13511,100,17493,5098
2025-03-21 10:32:43,1814,13552,79,17493,5098
2025-03-21 10:32:48,1832,13535,100,17493,5098
2025-03-21 10:32:53,1829,13537,80,17493,5098
2025-03-21 10:32:58,1839,13528,80,17493,5098
2025-03-21 10:33:04,1817,13549,100,17493,5098
2025-03-21 10:33:09,1841,13527,80,17493,5098
2025-03-21 10:33:14,1925,13441,100,17493,5098
2025-03-21 10:33:19,1888,13478,80,17493,5098
2025-03-21 10:33:25,1795,13572,90,17493,5098
2025-03-21 10:33:30,1907,13459,80,17493,5098
2025-03-21 10:33:35,1813,13553,100,17493,5098
2025-03-21 10:33:40,1811,13555,83,17493,5098
2025-03-21 10:33:46,1854,13513,100,17493,5098
2025-03-21 10:33:51,1838,13527,80,17493,5098
2025-03-21 10:33:56,1791,13575,100,17493,5098
2025-03-21 10:34:01,1873,13493,80,17493,5098
2025-03-21 10:34:06,1855,13512,95,17493,5098
2025-03-21 10:34:12,1823,13544,93,17493,5098
2025-03-21 10:34:17,1856,13511,80,17493,5098
2025-03-21 10:34:22,1877,13490,100,17493,5098
2025-03-21 10:34:27,1869,13497,80,17493,5098
2025-03-21 10:34:33,1880,13487,80,17493,5098
2025-03-21 10:34:38,1914,13453,80,17493,5098
2025-03-21 10:34:43,1909,13458,95,17493,5098
2025-03-21 10:34:48,1833,13534,88,17493,5098
2025-03-21 10:34:54,1833,13534,87,17493,5098
2025-03-21 10:34:59,1821,13546,80,17493,5098
2025-03-21 10:35:04,1868,13498,89,17493,5098
2025-03-21 10:35:09,1897,13469,86,17493,5098
2025-03-21 10:35:14,1883,13484,80,17493,5098
2025-03-21 10:35:20,1869,13498,100,17493,5098
2025-03-21 10:35:25,1920,13447,80,17493,5098
2025-03-21 10:35:30,1912,13454,100,17493,5098
2025-03-21 10:35:35,1881,13485,84,17493,5098
2025-03-21 10:35:41,1910,13456,80,17493,5098
2025-03-21 10:35:46,1861,13505,80,17493,5098
2025-03-21 10:35:51,1842,13524,100,17493,5098
2025-03-21 10:35:56,1872,13494,80,17493,5098
2025-03-21 10:36:02,1817,13551,80,17493,5098
2025-03-21 10:36:07,1906,13461,80,17493,5098
2025-03-21 10:36:12,1861,13505,80,17493,5098
2025-03-21 10:36:17,1923,13443,80,17493,5098
2025-03-21 10:36:23,1888,13479,100,17493,5098
2025-03-21 10:36:28,1914,13452,80,17493,5098
2025-03-21 10:36:33,1911,13455,100,17493,5098
2025-03-21 10:36:38,1885,13482,100,17493,5098
2025-03-21 10:36:44,1869,13498,80,17493,5098
2025-03-21 10:36:49,1804,13563,100,17493,5098
2025-03-21 10:36:54,1868,13499,80,17493,5098
2025-03-21 10:36:59,1922,13444,94,17493,5098
2025-03-21 10:37:04,1931,13437,80,17493,5098
2025-03-21 10:37:10,1864,13503,80,17493,5098
2025-03-21 10:37:15,1813,13553,100,17493,5098
2025-03-21 10:37:20,1840,13527,80,17493,5098
2025-03-21 10:37:25,1894,13473,100,17493,5098
2025-03-21 10:37:31,1863,13505,80,17493,5098
2025-03-21 10:37:36,1868,13499,91,17493,5098
2025-03-21 10:37:41,1826,13541,80,17493,5098
2025-03-21 10:37:46,1844,13523,98,17493,5098
2025-03-21 10:37:52,1814,13552,80,17493,5098
2025-03-21 10:37:57,1814,13554,100,17493,5098
2025-03-21 10:38:02,1863,13504,80,17493,5098
2025-03-21 10:38:07,1844,13522,93,17493,5098
2025-03-21 10:38:12,1877,13490,95,17493,5098
2025-03-21 10:38:18,1835,13532,100,17493,5098
2025-03-21 10:38:23,1855,13511,80,17493,5098
2025-03-21 10:38:28,1884,13483,80,17493,5098
2025-03-21 10:38:33,1941,13426,100,17493,5098
2025-03-21 10:38:39,1909,13457,80,17493,5098
2025-03-21 10:38:44,1830,13536,91,17493,5098
2025-03-21 10:38:49,1804,13562,82,17493,5098
2025-03-21 10:38:54,1840,13526,100,17493,5098
2025-03-21 10:39:00,1894,13472,80,17493,5098
2025-03-21 10:39:05,1890,13477,80,17493,5098
2025-03-21 10:39:10,1824,13542,100,17493,5098
2025-03-21 10:39:15,1863,13504,80,17493,5098
2025-03-21 10:39:20,1829,13538,100,17493,5098
2025-03-21 10:39:26,1855,13511,80,17493,5098
2025-03-21 10:39:31,1812,13554,80,17493,5098
2025-03-21 10:39:36,1870,13496,80,17493,5098
2025-03-21 10:39:41,1790,13576,100,17493,5098
2025-03-21 10:39:47,1819,13548,100,17493,5098
2025-03-21 10:39:52,1921,13446,80,17493,5098
2025-03-21 10:39:57,1971,13396,80,17493,5098
2025-03-21 10:40:02,1897,13469,100,17493,5098
2025-03-21 10:40:08,1860,13507,80,17493,5098
2025-03-21 10:40:13,1837,13529,80,17493,5098
2025-03-21 10:40:18,1881,13486,80,17493,5098
2025-03-21 10:40:23,1915,13452,100,17493,5098
2025-03-21 10:40:28,1851,13515,80,17493,5098
2025-03-21 10:40:34,1798,13569,100,17493,5098
2025-03-21 10:40:39,1869,13497,80,17493,5098
2025-03-21 10:40:44,1889,13478,100,17493,5098
2025-03-21 10:40:49,1836,13530,80,17493,5098
2025-03-21 10:40:55,1860,13506,80,17493,5098
2025-03-21 10:41:00,1780,13586,100,17493,5098
2025-03-21 10:41:05,1853,13514,80,17493,5098
2025-03-21 10:41:10,1889,13477,100,17493,5098
2025-03-21 10:41:16,1876,13491,94,17493,5098
2025-03-21 10:41:21,1832,13534,100,17493,5098
2025-03-21 10:41:26,1836,13530,80,17493,5098
2025-03-21 10:41:31,1890,13476,100,17493,5098
2025-03-21 10:41:37,1800,13566,80,17493,5098
2025-03-21 10:41:42,1910,13456,94,17493,5098
2025-03-21 10:41:47,1858,13509,80,17493,5098
2025-03-21 10:41:52,1880,13487,100,17493,5098
2025-03-21 10:41:57,1864,13503,80,17493,5098
2025-03-21 10:42:03,1875,13492,80,17493,5098
2025-03-21 10:42:08,1868,13499,92,17493,5098
2025-03-21 10:42:13,1817,13550,100,17493,5098
2025-03-21 10:42:18,1823,13543,80,17493,5098
2025-03-21 10:42:24,1812,13554,100,17493,5098
2025-03-21 10:42:29,1828,13538,80,17493,5098
2025-03-21 10:42:34,1873,13493,80,17493,5098
2025-03-21 10:42:39,1829,13537,100,17493,5098
2025-03-21 10:42:45,1851,13515,80,17493,5098
2025-03-21 10:42:50,1865,13502,91,17493,5098
2025-03-21 10:42:55,1834,13532,87,17493,5098
2025-03-21 10:43:00,1851,13515,80,17493,5098
2025-03-21 10:43:05,1755,13611,97,17493,5098
2025-03-21 10:43:11,1836,13530,80,17493,5098
2025-03-21 10:43:16,1848,13518,80,17493,5098
2025-03-21 10:43:21,1869,13497,100,17493,5098
2025-03-21 10:43:26,1892,13475,80,17493,5098
2025-03-21 10:43:32,1849,13517,100,17493,5098
2025-03-21 10:43:37,1812,13555,80,17493,5098
2025-03-21 10:43:42,1799,13567,100,17493,5098
2025-03-21 10:43:47,1868,13499,80,17493,5098
2025-03-21 10:43:53,1866,13500,92,17493,5098
2025-03-21 10:43:58,1856,13511,80,17493,5098
2025-03-21 10:44:03,1831,13535,100,17493,5098
2025-03-21 10:44:08,1833,13533,88,17493,5098
2025-03-21 10:44:13,1891,13476,85,17493,5098
2025-03-21 10:44:19,1846,13521,95,17493,5098
2025-03-21 10:44:24,1833,13534,100,17493,5098
2025-03-21 10:44:29,1907,13460,83,17493,5098
2025-03-21 10:44:34,1905,13462,80,17493,5098
2025-03-21 10:44:40,1869,13498,97,17493,5098
2025-03-21 10:44:45,1854,13512,85,17493,5098
2025-03-21 10:44:50,1833,13533,80,17493,5098
2025-03-21 10:44:55,1837,13530,80,17493,5098
2025-03-21 10:45:01,1915,13451,100,17493,5098
2025-03-21 10:45:06,1885,13482,80,17493,5098
2025-03-21 10:45:11,1833,13534,100,17493,5098
2025-03-21 10:45:16,1827,13539,80,17493,5098
2025-03-21 10:45:21,1786,13581,100,17493,5098
2025-03-21 10:45:27,1879,13488,80,17493,5098
2025-03-21 10:45:32,1852,13514,80,17493,5098
2025-03-21 10:45:37,1921,13445,80,17493,5098
2025-03-21 10:45:42,1861,13505,100,17493,5098
2025-03-21 10:45:48,1823,13543,86,17493,5098
2025-03-21 10:45:53,1863,13504,80,17493,5098
2025-03-21 10:45:58,1868,13499,92,17493,5098
2025-03-21 10:46:03,1845,13521,100,17493,5098
2025-03-21 10:46:09,1800,13566,80,17493,5098
2025-03-21 10:46:14,1789,13577,97,17493,5098
2025-03-21 10:46:19,1876,13490,86,17493,5098
2025-03-21 10:46:24,1853,13513,82,17493,5098
2025-03-21 10:46:29,1838,13526,80,17493,5098
2025-03-21 10:46:35,1895,13473,100,17493,5098
2025-03-21 10:46:40,1850,13517,80,17493,5098
2025-03-21 10:46:45,1835,13531,100,17493,5098
2025-03-21 10:46:50,1846,13520,80,17493,5098
2025-03-21 10:46:56,1855,13511,100,17493,5098
2025-03-21 10:47:01,1846,13521,80,17493,5098
2025-03-21 10:47:06,1829,13538,93,17493,5098
2025-03-21 10:47:11,1836,13531,100,17493,5098
2025-03-21 10:47:17,1814,13553,80,17493,5098
2025-03-21 10:47:22,1896,13470,80,17493,5098
2025-03-21 10:47:27,1950,13417,80,17493,5098
2025-03-21 10:47:32,1897,13472,100,17493,5098
2025-03-21 10:47:37,1857,13509,100,17493,5098
2025-03-21 10:47:43,1838,13537,80,17493,5098
2025-03-21 10:47:48,1871,13496,100,17493,5098
2025-03-21 10:47:53,1845,13521,80,17493,5098
2025-03-21 10:47:58,1872,13495,80,17493,5098
2025-03-21 10:48:04,1850,13516,100,17493,5098
2025-03-21 10:48:09,1861,13506,80,17493,5098
2025-03-21 10:48:14,1846,13520,80,17493,5098
2025-03-21 10:48:19,1827,13539,100,17493,5098
2025-03-21 10:48:25,1797,13570,80,17493,5098
2025-03-21 10:48:30,1868,13499,88,17493,5098
2025-03-21 10:48:35,1900,13467,100,17493,5098
2025-03-21 10:48:40,1857,13510,80,17493,5098
2025-03-21 10:48:45,1824,13542,84,17493,5098
2025-03-21 10:48:51,1814,13553,100,17493,5098
2025-03-21 10:48:56,1863,13502,80,17493,5098
2025-03-21 10:49:01,1917,13449,100,17493,5098
2025-03-21 10:49:06,1853,13514,80,17493,5098
2025-03-21 10:49:12,1872,13494,80,17493,5098
2025-03-21 10:49:17,1884,13482,80,17493,5098
2025-03-21 10:49:22,1870,13496,100,17493,5098
2025-03-21 10:49:27,1867,13500,80,17493,5098
2025-03-21 10:49:33,1827,13538,80,17493,5098
2025-03-21 10:49:38,1806,13561,100,17493,5098
2025-03-21 10:49:43,1862,13504,80,17493,5098
2025-03-21 10:49:48,1894,13473,100,17493,5098
2025-03-21 10:49:53,1870,13497,80,17493,5098
2025-03-21 10:49:59,1879,13488,100,17493,5098
2025-03-21 10:50:04,1841,13526,94,17493,5098
2025-03-21 10:50:09,1851,13516,80,17493,5098
2025-03-21 10:50:14,1803,13564,100,17493,5098
2025-03-21 10:50:20,1826,13542,100,17493,5098
2025-03-21 10:50:25,1816,13551,100,17493,5098
2025-03-21 10:50:30,1843,13525,80,17493,5098
2025-03-21 10:50:35,1864,13502,80,17493,5098
2025-03-21 10:50:41,1915,13452,80,17493,5098
2025-03-21 10:50:46,1905,13462,100,17493,5098
2025-03-21 10:50:51,1889,13478,100,17493,5098
2025-03-21 10:50:56,1905,13462,80,17493,5098
2025-03-21 10:51:01,1841,13526,80,17493,5098
2025-03-21 10:51:07,1884,13482,100,17493,5098
2025-03-21 10:51:12,1817,13550,90,17493,5098
2025-03-21 10:51:17,1807,13560,100,17493,5098
2025-03-21 10:51:22,1789,13577,80,17493,5098
2025-03-21 10:51:28,1814,13552,100,17493,5098
2025-03-21 10:51:33,1899,13467,80,17493,5098
2025-03-21 10:51:38,1888,13479,80,17493,5098
2025-03-21 10:51:43,1914,13452,80,17493,5098
2025-03-21 10:51:49,1870,13496,100,17493,5098
2025-03-21 10:51:54,1900,13467,80,17493,5098
2025-03-21 10:51:59,1856,13510,64,17493,5098
2025-03-21 10:52:04,1842,13523,80,17493,5098
2025-03-21 10:52:09,1883,13484,80,17493,5098
2025-03-21 10:52:15,1860,13506,100,17493,5098
2025-03-21 10:52:20,1866,13500,87,17493,5098
2025-03-21 10:52:25,1821,13545,100,17493,5098
2025-03-21 10:52:30,1793,13573,80,17493,5098
2025-03-21 10:52:36,1856,13510,100,17493,5098
2025-03-21 10:52:41,1837,13529,90,17493,5098
2025-03-21 10:52:46,1798,13568,80,17493,5098
2025-03-21 10:52:51,1833,13532,80,17493,5098
2025-03-21 10:52:57,1865,13504,100,17493,5098
2025-03-21 10:53:02,1806,13561,89,17493,5098
2025-03-21 10:53:07,1846,13521,89,17493,5098
2025-03-21 10:53:12,1941,13424,80,17493,5098
2025-03-21 10:53:17,1916,13450,100,17493,5098
2025-03-21 10:53:23,1881,13485,80,17493,5098
2025-03-21 10:53:28,1816,13550,84,17493,5098
2025-03-21 10:53:33,1812,13554,100,17493,5098
2025-03-21 10:53:38,1895,13471,80,17493,5098
2025-03-21 10:53:44,1891,13475,80,17493,5098
2025-03-21 10:53:49,1881,13486,81,17493,5098
2025-03-21 10:53:54,1862,13505,100,17493,5098
2025-03-21 10:53:59,1865,13501,100,17493,5098
2025-03-21 10:54:05,1808,13558,80,17493,5098
2025-03-21 10:54:10,1876,13491,80,17493,5098
2025-03-21 10:54:15,1799,13567,80,17493,5098
2025-03-21 10:54:20,1845,13521,100,17493,5098
2025-03-21 10:54:25,1848,13519,80,17493,5098
2025-03-21 10:54:31,1844,13522,80,17493,5098
2025-03-21 10:54:36,1861,13505,100,17493,5098
2025-03-21 10:54:41,1816,13551,80,17493,5098
2025-03-21 10:54:46,1825,13542,100,17493,5098
2025-03-21 10:54:52,1813,13554,80,17493,5098
2025-03-21 10:54:57,1859,13507,100,17493,5098
2025-03-21 10:55:02,1900,13467,80,17493,5098
2025-03-21 10:55:07,1896,13470,80,17493,5098
2025-03-21 10:55:13,1899,13467,86,17493,5098
2025-03-21 10:55:18,1876,13490,100,17493,5098
2025-03-21 10:55:23,1861,13505,80,17493,5098
2025-03-21 10:55:28,1853,13514,94,17493,5098
2025-03-21 10:55:33,1892,13475,95,17493,5098
2025-03-21 10:55:39,1827,13542,80,17493,5098
2025-03-21 10:55:44,1856,13511,100,17493,5098
2025-03-21 10:55:49,1829,13537,80,17493,5098
2025-03-21 10:55:54,1834,13532,80,17493,5098
2025-03-21 10:56:00,1828,13538,100,17493,5098
2025-03-21 10:56:05,1858,13506,80,17493,5098
2025-03-21 10:56:10,1837,13529,100,17493,5098
2025-03-21 10:56:15,1827,13539,80,17493,5098
2025-03-21 10:56:21,1827,13539,100,17493,5098
2025-03-21 10:56:26,1804,13562,80,17493,5098
2025-03-21 10:56:31,1883,13484,98,17493,5098
2025-03-21 10:56:36,1865,13501,80,17493,5098
2025-03-21 10:56:42,1878,13488,100,17493,5098
2025-03-21 10:56:47,1844,13522,80,17493,5098
2025-03-21 10:56:52,1868,13498,80,17493,5098
2025-03-21 10:56:57,1868,13499,90,17493,5098
2025-03-21 10:57:02,1847,13520,99,17493,5098
2025-03-21 10:57:08,1814,13553,100,17493,5098
2025-03-21 10:57:13,1834,13533,86,17493,5098
2025-03-21 10:57:18,1857,13509,81,17493,5098
2025-03-21 10:57:23,1837,13529,80,17493,5098
2025-03-21 10:57:29,1886,13481,100,17493,5098
2025-03-21 10:57:34,1837,13530,82,17493,5098
2025-03-21 10:57:39,1827,13540,81,17493,5098
2025-03-21 10:57:44,1801,13565,100,17493,5098
2025-03-21 10:57:50,1854,13513,80,17493,5098
2025-03-21 10:57:55,1878,13489,100,17493,5098
2025-03-21 10:58:00,1878,13489,80,17493,5098
2025-03-21 10:58:05,1893,13473,80,17493,5098
2025-03-21 10:58:10,1862,13504,100,17493,5098
2025-03-21 10:58:16,1849,13517,80,17493,5098
2025-03-21 10:58:21,1891,13476,89,17493,5098
2025-03-21 10:58:26,1901,13466,99,17493,5098
2025-03-21 10:58:31,1854,13513,80,17493,5098
2025-03-21 10:58:37,1832,13535,100,17493,5098
2025-03-21 10:58:42,1824,13542,83,17493,5098
2025-03-21 10:58:47,1760,13607,100,17493,5098
2025-03-21 10:58:52,1858,13510,80,17493,5098
2025-03-21 10:58:58,1988,13379,80,17493,5098
2025-03-21 10:59:03,1915,13451,80,17493,5098
2025-03-21 10:59:08,1870,13497,80,17493,5098
2025-03-21 10:59:13,1915,13451,100,17493,5098
2025-03-21 10:59:18,1874,13493,80,17493,5098
2025-03-21 10:59:24,1889,13479,100,17493,5098
2025-03-21 10:59:29,1857,13510,80,17493,5098
2025-03-21 10:59:34,1866,13500,100,17493,5098
2025-03-21 10:59:39,1884,13482,82,17493,5098
2025-03-21 10:59:45,1894,13472,80,17493,5098
2025-03-21 10:59:50,1801,13565,89,17493,5098
2025-03-21 10:59:55,1816,13550,80,17493,5098
2025-03-21 11:00:00,1870,13496,100,17493,5098
2025-03-21 11:00:06,1786,13581,100,17493,5098
2025-03-21 11:00:11,1832,13534,80,17493,5098
2025-03-21 11:00:16,1858,13508,83,17493,5098
2025-03-21 11:00:21,1826,13540,100,17493,5098
2025-03-21 11:00:26,1858,13509,80,17493,5098
2025-03-21 11:00:32,1787,13579,80,17493,5098
2025-03-21 11:00:37,1839,13530,100,17493,5098
2025-03-21 11:00:42,1799,13568,80,17493,5098
2025-03-21 11:00:47,1843,13523,100,17493,5098
2025-03-21 11:00:53,1864,13503,80,17493,5098
2025-03-21 11:00:58,1905,13461,80,17493,5098
2025-03-21 11:01:03,1880,13487,100,17493,5098
2025-03-21 11:01:08,1863,13504,80,17493,5098
2025-03-21 11:01:14,1861,13506,80,17493,5098
2025-03-21 11:01:19,1832,13534,80,17493,5098
2025-03-21 11:01:24,1812,13554,100,17493,5098
2025-03-21 11:01:29,1820,13546,80,17493,5098
2025-03-21 11:01:34,1840,13526,80,17493,5098
2025-03-21 11:01:40,1859,13507,100,17493,5098
2025-03-21 11:01:45,1832,13534,80,17493,5098
2025-03-21 11:01:50,1811,13556,100,17493,5098
2025-03-21 11:01:55,1859,13507,80,17493,5098
2025-03-21 11:02:01,1869,13497,100,17493,5098
2025-03-21 11:02:06,1832,13534,80,17493,5098
2025-03-21 11:02:11,1872,13495,80,17493,5098
2025-03-21 11:02:16,1862,13504,100,17493,5098
2025-03-21 11:02:22,1876,13492,90,17493,5098
2025-03-21 11:02:27,1878,13488,80,17493,5098
2025-03-21 11:02:32,1858,13508,100,17493,5098
2025-03-21 11:02:37,1802,13565,80,17493,5098
2025-03-21 11:02:42,1810,13557,100,17493,5098
2025-03-21 11:02:48,1864,13505,80,17493,5098
2025-03-21 11:02:53,1817,13550,80,17493,5098
2025-03-21 11:02:58,1845,13521,80,17493,5098
2025-03-21 11:03:03,1976,13390,80,17493,5098
2025-03-21 11:03:09,1982,13385,100,17493,5098
2025-03-21 11:03:14,1868,13498,100,17493,5098
2025-03-21 11:03:19,1914,13453,80,17493,5098
2025-03-21 11:03:24,1928,13439,100,17493,5098
2025-03-21 11:03:30,1848,13521,80,17493,5098
2025-03-21 11:03:35,1851,13516,100,17493,5098
2025-03-21 11:03:40,1892,13474,80,17493,5098
2025-03-21 11:03:45,1869,13497,100,17493,5098
2025-03-21 11:03:51,1869,13498,80,17493,5098
2025-03-21 11:03:56,1826,13541,100,17493,5098
2025-03-21 11:04:01,1845,13522,80,17493,5098
2025-03-21 11:04:06,1934,13433,80,17493,5098
2025-03-21 11:04:11,1898,13468,80,17493,5098
2025-03-21 11:04:17,1847,13522,100,17493,5098
2025-03-21 11:04:22,1834,13533,80,17493,5098
2025-03-21 11:04:27,1898,13468,80,17493,5098
2025-03-21 11:04:32,1915,13451,100,17493,5098
2025-03-21 11:04:38,1848,13519,93,17493,5098
2025-03-21 11:04:43,1830,13537,100,17493,5098
2025-03-21 11:04:48,1789,13579,100,17493,5098
2025-03-21 11:04:53,1848,13519,88,17493,5098
2025-03-21 11:04:58,1896,13470,80,17493,5098
2025-03-21 11:05:04,1781,13586,80,17493,5098
2025-03-21 11:05:09,1895,13472,82,17493,5098
2025-03-21 11:05:14,1887,13479,100,17493,5098
2025-03-21 11:05:19,1866,13501,80,17493,5098
2025-03-21 11:05:25,1823,13543,100,17493,5098
2025-03-21 11:05:30,1842,13525,81,17493,5098
2025-03-21 11:05:35,1893,13474,80,17493,5098
2025-03-21 11:05:40,1911,13455,96,17493,5098
2025-03-21 11:05:46,1845,13522,95,17493,5098
2025-03-21 11:05:51,1849,13517,80,17493,5098
2025-03-21 11:05:56,1917,13449,81,17493,5098
2025-03-21 11:06:01,1942,13424,80,17493,5098
2025-03-21 11:06:07,1864,13503,100,17493,5098
2025-03-21 11:06:12,1836,13531,80,17493,5098
2025-03-21 11:06:17,1823,13544,100,17493,5098
2025-03-21 11:06:22,1799,13568,98,17493,5098
2025-03-21 11:06:27,1847,13519,94,17493,5098
2025-03-21 11:06:33,1829,13538,96,17493,5098
2025-03-21 11:06:38,1844,13522,80,17493,5098
2025-03-21 11:06:43,1847,13520,88,17493,5098
2025-03-21 11:06:48,1821,13546,100,17493,5098
2025-03-21 11:06:54,1780,13587,97,17493,5098
2025-03-21 11:06:59,1792,13574,91,17493,5098
2025-03-21 11:07:04,1840,13527,80,17493,5098
2025-03-21 11:07:09,1876,13490,83,17493,5098
2025-03-21 11:07:15,1893,13474,100,17493,5098
2025-03-21 11:07:20,1849,13517,80,17493,5098
2025-03-21 11:07:25,1863,13503,80,17493,5098
2025-03-21 11:07:30,1825,13542,100,17493,5098
2025-03-21 11:07:35,1827,13539,80,17493,5098
2025-03-21 11:07:41,1826,13541,100,17493,5098
2025-03-21 11:07:46,1853,13513,80,17493,5098
2025-03-21 11:07:51,1893,13473,80,17493,5098
2025-03-21 11:07:56,1884,13483,80,17493,5098
2025-03-21 11:08:02,1902,13464,100,17493,5098
2025-03-21 11:08:07,1907,13458,80,17493,5098
2025-03-21 11:08:12,1880,13487,100,17493,5098
2025-03-21 11:08:17,1887,13479,77,17493,5098
2025-03-21 11:08:22,1867,13499,97,17493,5098
2025-03-21 11:08:28,1841,13526,80,17493,5098
2025-03-21 11:08:33,1905,13462,80,17493,5098
2025-03-21 11:08:38,1894,13473,100,17493,5098
2025-03-21 11:08:43,1907,13459,80,17493,5098
2025-03-21 11:08:49,1857,13510,100,17493,5098
2025-03-21 11:08:54,1817,13549,80,17493,5098
2025-03-21 11:08:59,1814,13553,100,17493,5098
2025-03-21 11:09:04,1820,13546,86,17493,5098
2025-03-21 11:09:10,1837,13528,80,17493,5098
2025-03-21 11:09:15,1924,13442,80,17493,5098
2025-03-21 11:09:20,1844,13522,100,17493,5098
2025-03-21 11:09:25,1813,13554,100,17493,5098
2025-03-21 11:09:30,1813,13553,80,17493,5098
2025-03-21 11:09:36,1835,13534,100,17493,5098
2025-03-21 11:09:41,1794,13572,86,17493,5098
2025-03-21 11:09:46,1871,13495,80,17493,5098
2025-03-21 11:09:51,1914,13453,99,17493,5098
2025-03-21 11:09:57,1838,13529,80,17493,5098
2025-03-21 11:10:02,1874,13492,80,17493,5098
2025-03-21 11:10:07,1901,13466,100,17493,5098
2025-03-21 11:10:12,1926,13440,86,17493,5098
2025-03-21 11:10:18,1847,13520,100,17493,5098
2025-03-21 11:10:23,1807,13559,80,17493,5098
2025-03-21 11:10:28,1902,13465,100,17493,5098
2025-03-21 11:10:33,1880,13487,91,17493,5098
2025-03-21 11:10:38,1856,13510,90,17493,5098
2025-03-21 11:10:44,1826,13540,100,17493,5098
2025-03-21 11:10:49,1814,13552,80,17493,5098
2025-03-21 11:10:54,1859,13507,96,17493,5098
2025-03-21 11:10:59,1913,13454,96,17493,5098
2025-03-21 11:11:05,1885,13482,86,17493,5098
2025-03-21 11:11:10,1910,13457,80,17493,5098
2025-03-21 11:11:15,1880,13486,98,17493,5098
2025-03-21 11:11:20,1848,13518,94,17493,5098
2025-03-21 11:11:26,1820,13548,86,17493,5098
2025-03-21 11:11:31,1831,13535,89,17493,5098
2025-03-21 11:11:36,1900,13467,100,17493,5098
2025-03-21 11:11:41,1892,13473,80,17493,5098
2025-03-21 11:11:46,1874,13492,100,17493,5098
2025-03-21 11:11:52,1856,13510,80,17493,5098
2025-03-21 11:11:57,1828,13538,93,17493,5098
2025-03-21 11:12:02,1828,13538,100,17493,5098
2025-03-21 11:12:07,1861,13505,80,17493,5098
2025-03-21 11:12:13,1827,13539,100,17493,5098
2025-03-21 11:12:18,1842,13525,80,17493,5098
2025-03-21 11:12:23,1899,13467,80,17493,5098
2025-03-21 11:12:28,1869,13498,80,17493,5098
2025-03-21 11:12:34,1858,13508,80,17493,5098
2025-03-21 11:12:39,1896,13470,100,17493,5098
2025-03-21 11:12:44,1892,13475,80,17493,5098
2025-03-21 11:12:49,1901,13465,80,17493,5098
2025-03-21 11:12:55,1888,13478,100,17493,5098
2025-03-21 11:13:00,1847,13520,80,17493,5098
2025-03-21 11:13:05,1797,13570,100,17493,5098
2025-03-21 11:13:10,1902,13465,80,17493,5098
2025-03-21 11:13:15,1868,13499,80,17493,5098
2025-03-21 11:13:21,1827,13540,100,17493,5098
2025-03-21 11:13:26,1807,13559,80,17493,5098
2025-03-21 11:13:31,1833,13534,100,17493,5098
2025-03-21 11:13:36,1845,13522,80,17493,5098
2025-03-21 11:13:42,1890,13478,80,17493,5098
2025-03-21 11:13:47,1845,13522,100,17493,5098
2025-03-21 11:13:52,1777,13589,94,17493,5098
2025-03-21 11:13:57,1874,13493,80,17493,5098
2025-03-21 11:14:03,1865,13501,100,17493,5098
2025-03-21 11:14:08,1845,13522,80,17493,5098
2025-03-21 11:14:13,1835,13531,100,17493,5098
2025-03-21 11:14:18,1832,13535,80,17493,5098
2025-03-21 11:14:23,1836,13530,80,17493,5098
2025-03-21 11:14:29,1913,13454,80,17493,5098
2025-03-21 11:14:34,1864,13503,100,17493,5098
2025-03-21 11:14:39,1840,13527,80,17493,5098
2025-03-21 11:14:44,1850,13516,80,17493,5098
2025-03-21 11:14:50,1861,13506,80,17493,5098
2025-03-21 11:14:55,1917,13449,100,17493,5098
2025-03-21 11:15:00,1839,13527,80,17493,5098
2025-03-21 11:15:05,1849,13518,100,17493,5098
2025-03-21 11:15:11,1826,13541,100,17493,5098
2025-03-21 11:15:16,1796,13571,100,17493,5098
2025-03-21 11:15:21,1854,13511,80,17493,5098
2025-03-21 11:15:26,1856,13509,80,17493,5098
2025-03-21 11:15:31,1821,13546,100,17493,5098
2025-03-21 11:15:37,1822,13545,83,17493,5098
2025-03-21 11:15:42,1858,13509,83,17493,5098
2025-03-21 11:15:47,1821,13545,100,17493,5098
2025-03-21 11:15:52,1834,13532,80,17493,5098
2025-03-21 11:15:58,1893,13474,100,17493,5098
2025-03-21 11:16:03,1876,13490,80,17493,5098
2025-03-21 11:16:08,1912,13455,80,17493,5098
2025-03-21 11:16:13,1911,13456,100,17493,5098
2025-03-21 11:16:19,1894,13472,81,17493,5098
2025-03-21 11:16:24,1920,13446,80,17493,5098
2025-03-21 11:16:29,1869,13498,100,17493,5098
2025-03-21 11:16:34,1854,13513,80,17493,5098
2025-03-21 11:16:40,1813,13553,100,17493,5098
2025-03-21 11:16:45,1824,13543,80,17493,5098
2025-03-21 11:16:50,1901,13466,80,17493,5098
2025-03-21 11:16:55,1906,13461,80,17493,5098
2025-03-21 11:17:00,1841,13525,80,17493,5098
2025-03-21 11:17:06,1814,13556,100,17493,5098
2025-03-21 11:17:11,1834,13530,80,17493,5098
2025-03-21 11:17:16,1778,13589,80,17493,5098
2025-03-21 11:17:21,1804,13562,100,17493,5098
2025-03-21 11:17:27,1874,13493,80,17493,5098
2025-03-21 11:17:32,1873,13493,100,17493,5098
2025-03-21 11:17:37,1887,13479,80,17493,5098
2025-03-21 11:17:42,1831,13535,80,17493,5098
2025-03-21 11:17:48,1812,13554,100,17493,5098
2025-03-21 11:17:53,1858,13508,80,17493,5098
2025-03-21 11:17:58,1920,13447,80,17493,5098
2025-03-21 11:18:03,1841,13525,100,17493,5098
2025-03-21 11:18:08,1832,13535,80,17493,5098
2025-03-21 11:18:14,1836,13531,80,17493,5098
2025-03-21 11:18:19,1840,13527,100,17493,5098
2025-03-21 11:18:24,1843,13523,80,17493,5098
2025-03-21 11:18:29,1842,13525,100,17493,5098
2025-03-21 11:18:35,1883,13483,80,17493,5098
2025-03-21 11:18:40,1850,13517,80,17493,5098
2025-03-21 11:18:45,1833,13533,100,17493,5098
2025-03-21 11:18:50,1831,13535,86,17493,5098
2025-03-21 11:18:56,1870,13496,80,17493,5098
2025-03-21 11:19:01,1837,13530,100,17493,5098
2025-03-21 11:19:06,1820,13547,80,17493,5098
2025-03-21 11:19:11,1856,13510,96,17493,5098
2025-03-21 11:19:16,1896,13471,96,17493,5098
2025-03-21 11:19:22,1819,13547,80,17493,5098
2025-03-21 11:19:27,1901,13466,100,17493,5098
2025-03-21 11:19:32,1862,13504,60,17493,5098
2025-03-21 11:19:37,1932,13434,80,17493,5098
2025-03-21 11:19:43,1943,13424,95,17493,5098
2025-03-21 11:19:48,1933,13434,96,17493,5098
2025-03-21 11:19:53,1862,13504,90,17493,5098
2025-03-21 11:19:58,1840,13526,100,17493,5098
2025-03-21 11:20:04,1824,13542,81,17493,5098
2025-03-21 11:20:09,1823,13544,100,17493,5098
2025-03-21 11:20:14,1813,13554,80,17493,5098
2025-03-21 11:20:19,1794,13572,100,17493,5098
2025-03-21 11:20:24,1796,13572,80,17493,5098
2025-03-21 11:20:30,1860,13506,80,17493,5098
2025-03-21 11:20:35,1835,13531,100,17493,5098
2025-03-21 11:20:40,1814,13552,80,17493,5098
2025-03-21 11:20:45,1813,13553,100,17493,5098
2025-03-21 11:20:51,1890,13473,80,17493,5098
2025-03-21 11:20:56,1892,13476,100,17493,5098
2025-03-21 11:21:01,1830,13537,80,17493,5098
2025-03-21 11:21:06,1864,13502,80,17493,5098
2025-03-21 11:21:12,1872,13495,80,17493,5098
2025-03-21 11:21:17,1849,13517,100,17493,5098
2025-03-21 11:21:22,1862,13504,82,17493,5098
2025-03-21 11:21:27,1850,13516,80,17493,5098
2025-03-21 11:21:32,1896,13470,100,17493,5098
2025-03-21 11:21:38,1841,13525,96,17493,5098
2025-03-21 11:21:43,1802,13565,96,17493,5098
2025-03-21 11:21:48,1861,13507,80,17493,5098
2025-03-21 11:21:53,1846,13522,80,17493,5098
2025-03-21 11:21:59,1913,13454,91,17493,5098
2025-03-21 11:22:04,1832,13535,80,17493,5098
2025-03-21 11:22:09,1893,13474,100,17493,5098
2025-03-21 11:22:14,1846,13521,80,17493,5098
2025-03-21 11:22:20,1830,13537,100,17493,5098
2025-03-21 11:22:25,1847,13520,80,17493,5098
2025-03-21 11:22:30,1830,13537,100,17493,5098
2025-03-21 11:22:35,1837,13530,91,17493,5098
2025-03-21 11:22:40,1878,13488,80,17493,5098
2025-03-21 11:22:46,1831,13536,100,17493,5098
2025-03-21 11:22:51,1801,13565,80,17493,5098
2025-03-21 11:22:56,1855,13511,80,17493,5098
2025-03-21 11:23:01,1915,13452,83,17493,5098
2025-03-21 11:23:07,1931,13437,100,17493,5098
2025-03-21 11:23:12,1858,13508,99,17493,5098
2025-03-21 11:23:17,1899,13467,80,17493,5098
2025-03-21 11:23:22,1851,13517,80,17493,5098
2025-03-21 11:23:28,1855,13512,100,17493,5098
2025-03-21 11:23:33,1924,13443,80,17493,5098
2025-03-21 11:23:38,1859,13507,79,17493,5098
2025-03-21 11:23:43,1836,13531,89,17493,5098
2025-03-21 11:23:48,1829,13537,100,17493,5098
2025-03-21 11:23:54,1818,13548,80,17493,5098
2025-03-21 11:23:59,1839,13528,91,17493,5098
2025-03-21 11:24:04,1827,13539,99,17493,5098
2025-03-21 11:24:09,1823,13543,100,17493,5098
2025-03-21 11:24:15,1790,13576,80,17493,5098
2025-03-21 11:24:20,1811,13556,80,17493,5098
2025-03-21 11:24:25,1850,13517,80,17493,5098
2025-03-21 11:24:30,1861,13502,80,17493,5098
2025-03-21 11:24:36,1834,13533,100,17493,5098
2025-03-21 11:24:41,1812,13554,80,17493,5098
2025-03-21 11:24:46,1863,13503,80,17493,5098
2025-03-21 11:24:51,1844,13523,100,17493,5098
2025-03-21 11:24:56,1847,13520,95,17493,5098
2025-03-21 11:25:02,1846,13520,95,17493,5098
2025-03-21 11:25:07,1821,13545,80,17493,5098
2025-03-21 11:25:12,1805,13561,80,17493,5098
2025-03-21 11:25:17,1891,13476,80,17493,5098
2025-03-21 11:25:23,1852,13514,100,17493,5098
2025-03-21 11:25:28,1842,13525,80,17493,5098
2025-03-21 11:25:33,1853,13514,100,17493,5098
2025-03-21 11:25:38,1882,13485,80,17493,5098
2025-03-21 11:25:44,1901,13465,100,17493,5098
2025-03-21 11:25:49,1848,13519,80,17493,5098
2025-03-21 11:25:54,1821,13546,90,17493,5098
2025-03-21 11:25:59,1786,13581,94,17493,5098
2025-03-21 11:26:04,1836,13531,95,17493,5098
2025-03-21 11:26:10,1844,13523,80,17493,5098
2025-03-21 11:26:15,1870,13496,100,17493,5098
2025-03-21 11:26:20,1844,13523,80,17493,5098
2025-03-21 11:26:25,1865,13501,100,17493,5098
2025-03-21 11:26:31,1869,13497,80,17493,5098
2025-03-21 11:26:36,1894,13472,80,17493,5098
2025-03-21 11:26:41,1882,13485,76,17493,5098
2025-03-21 11:26:46,1801,13565,99,17493,5098
2025-03-21 11:26:52,1869,13500,89,17493,5098
2025-03-21 11:26:57,1856,13510,88,17493,5098
2025-03-21 11:27:02,1884,13482,100,17493,5098
2025-03-21 11:27:07,1877,13491,81,17493,5098
2025-03-21 11:27:12,1848,13519,90,17493,5098
2025-03-21 11:27:18,1841,13525,99,17493,5098
2025-03-21 11:27:23,1845,13521,80,17493,5098
2025-03-21 11:27:28,1816,13550,100,17493,5098
2025-03-21 11:27:33,1829,13538,80,17493,5098
2025-03-21 11:27:39,1903,13463,80,17493,5098
2025-03-21 11:27:44,1893,13473,80,17493,5098
2025-03-21 11:27:49,1887,13479,100,17493,5098
2025-03-21 11:27:54,1874,13493,80,17493,5098
2025-03-21 11:28:00,1840,13527,80,17493,5098
2025-03-21 11:28:05,1866,13500,100,17493,5098
2025-03-21 11:28:10,1841,13525,80,17493,5098
2025-03-21 11:28:15,1889,13478,100,17493,5098
2025-03-21 11:28:21,1849,13517,80,17493,5098
2025-03-21 11:28:26,1858,13508,80,17493,5098
2025-03-21 11:28:31,1786,13580,100,17493,5098
2025-03-21 11:28:36,1851,13516,80,17493,5098
2025-03-21 11:28:41,1864,13502,91,17493,5098
2025-03-21 11:28:47,1851,13515,80,17493,5098
2025-03-21 11:28:52,1788,13579,100,17493,5098
2025-03-21 11:28:57,1806,13561,80,17493,5098
2025-03-21 11:29:02,1897,13469,80,17493,5098
2025-03-21 11:29:08,1821,13545,80,17493,5098
2025-03-21 11:29:13,1888,13479,80,17493,5098
2025-03-21 11:29:18,1896,13470,100,17493,5098
2025-03-21 11:29:23,1904,13463,80,17493,5098
2025-03-21 11:29:28,1906,13461,80,17493,5098
2025-03-21 11:29:34,1851,13516,100,17493,5098
2025-03-21 11:29:39,1817,13549,81,17493,5098
2025-03-21 11:29:44,1808,13559,100,17493,5098
2025-03-21 11:29:49,1811,13555,80,17493,5098
2025-03-21 11:29:55,1831,13536,80,17493,5098
2025-03-21 11:30:00,1867,13500,100,17493,5098
2025-03-21 11:30:05,1833,13534,80,17493,5098
2025-03-21 11:30:10,1874,13492,80,17493,5098
2025-03-21 11:30:16,1831,13535,100,17493,5098
2025-03-21 11:30:21,1885,13481,80,17493,5098
2025-03-21 11:30:26,1910,13456,80,17493,5098
2025-03-21 11:30:31,1908,13458,95,17493,5098
2025-03-21 11:30:36,1872,13494,94,17493,5098
2025-03-21 11:30:42,1823,13544,100,17493,5098
2025-03-21 11:30:47,1780,13585,77,17493,5098
2025-03-21 11:30:52,1801,13565,100,17493,5098
2025-03-21 11:30:57,1828,13538,80,17493,5098
2025-03-21 11:31:03,1894,13473,80,17493,5098
2025-03-21 11:31:08,1892,13475,80,17493,5098
2025-03-21 11:31:13,1841,13525,100,17493,5098
2025-03-21 11:31:18,1831,13535,80,17493,5098
2025-03-21 11:31:24,1837,13530,100,17493,5098
2025-03-21 11:31:29,1860,13506,80,17493,5098
2025-03-21 11:31:34,1913,13454,80,17493,5098
2025-03-21 11:31:39,1827,13540,80,17493,5098
2025-03-21 11:31:44,1845,13522,100,17493,5098
2025-03-21 11:31:50,1870,13497,80,17493,5098
2025-03-21 11:31:55,1860,13507,100,17493,5098
2025-03-21 11:32:00,1879,13487,80,17493,5098
2025-03-21 11:32:05,1849,13517,100,17493,5098
2025-03-21 11:32:11,1836,13530,80,17493,5098
2025-03-21 11:32:16,1901,13465,99,17493,5098
2025-03-21 11:32:21,1819,13548,80,17493,5098
2025-03-21 11:32:26,1829,13537,100,17493,5098
2025-03-21 11:32:32,1867,13500,82,17493,5098
2025-03-21 11:32:37,1853,13514,80,17493,5098
2025-03-21 11:32:42,1859,13507,100,17493,5098
2025-03-21 11:32:47,1855,13511,80,17493,5098
2025-03-21 11:32:52,1880,13487,100,17493,5098
2025-03-21 11:32:58,1866,13502,80,17493,5098
2025-03-21 11:33:03,1874,13493,80,17493,5098
2025-03-21 11:33:08,1866,13501,80,17493,5098
2025-03-21 11:33:13,1945,13422,100,17493,5098
2025-03-21 11:33:19,1904,13465,80,17493,5098
2025-03-21 11:33:24,1860,13508,100,17493,5098
2025-03-21 11:33:29,1843,13523,80,17493,5098
2025-03-21 11:33:34,1858,13508,100,17493,5098
2025-03-21 11:33:40,1838,13528,100,17493,5098
2025-03-21 11:33:45,1804,13562,100,17493,5098
2025-03-21 11:33:50,1834,13532,64,17493,5098
2025-03-21 11:33:55,1835,13532,100,17493,5098
2025-03-21 11:34:00,1888,13478,80,17493,5098
2025-03-21 11:34:06,1876,13491,100,17493,5098
2025-03-21 11:34:11,1819,13547,80,17493,5098
2025-03-21 11:34:16,1824,13542,100,17493,5098
2025-03-21 11:34:21,1884,13483,80,17493,5098
2025-03-21 11:34:27,1834,13534,80,17493,5098
2025-03-21 11:34:32,1840,13527,100,17493,5098
2025-03-21 11:34:37,1863,13503,80,17493,5098
2025-03-21 11:34:42,1958,13408,80,17493,5098
2025-03-21 11:34:48,1884,13482,80,17493,5098
2025-03-21 11:34:53,1863,13504,88,17493,5098
2025-03-21 11:34:58,1883,13484,100,17493,5098
2025-03-21 11:35:03,1821,13546,80,17493,5098
2025-03-21 11:35:08,1820,13546,100,17493,5098
2025-03-21 11:35:14,1847,13520,80,17493,5098
2025-03-21 11:35:19,1830,13537,100,17493,5098
2025-03-21 11:35:24,1895,13472,80,17493,5098
2025-03-21 11:35:29,1844,13523,80,17493,5098
2025-03-21 11:35:35,1876,13491,80,17493,5098
2025-03-21 11:35:40,1873,13494,100,17493,5098
2025-03-21 11:35:45,1840,13527,80,17493,5098
2025-03-21 11:35:50,1842,13525,100,17493,5098
2025-03-21 11:35:56,1855,13512,80,17493,5098
2025-03-21 11:36:01,1879,13487,80,17493,5098
2025-03-21 11:36:06,1870,13496,100,17493,5098
2025-03-21 11:36:11,1842,13524,80,17493,5098
2025-03-21 11:36:16,1872,13495,80,17493,5098
2025-03-21 11:36:22,1889,13477,80,17493,5098
2025-03-21 11:36:27,1820,13546,100,17493,5098
2025-03-21 11:36:32,1841,13526,80,17493,5098
2025-03-21 11:36:37,1837,13530,100,17493,5098
2025-03-21 11:36:43,1807,13559,80,17493,5098
2025-03-21 11:36:48,1866,13500,100,17493,5098
2025-03-21 11:36:53,1831,13535,80,17493,5098
2025-03-21 11:36:58,1903,13464,86,17493,5098
2025-03-21 11:37:04,1863,13503,89,17493,5098
2025-03-21 11:37:09,1812,13554,100,17493,5098
2025-03-21 11:37:14,1877,13490,81,17493,5098
2025-03-21 11:37:19,1875,13492,100,17493,5098
2025-03-21 11:37:25,1891,13475,80,17493,5098
2025-03-21 11:37:30,1799,13567,100,17493,5098
2025-03-21 11:37:35,1833,13534,80,17493,5098
2025-03-21 11:37:40,1889,13479,80,17493,5098
2025-03-21 11:37:45,1814,13552,100,17493,5098
2025-03-21 11:37:51,1827,13540,80,17493,5098
2025-03-21 11:37:56,1821,13546,80,17493,5098
2025-03-21 11:38:01,1819,13548,100,17493,5098
2025-03-21 11:38:06,1818,13548,80,17493,5098
2025-03-21 11:38:12,1831,13536,100,17493,5098
2025-03-21 11:38:17,1864,13502,80,17493,5098
2025-03-21 11:38:22,1885,13481,100,17493,5098
2025-03-21 11:38:27,1922,13444,80,17493,5098
2025-03-21 11:38:32,1918,13449,80,17493,5098
2025-03-21 11:38:38,1887,13480,93,17493,5098
2025-03-21 11:38:43,1911,13456,88,17493,5098
2025-03-21 11:38:48,1840,13526,80,17493,5098
2025-03-21 11:38:53,1857,13509,100,17493,5098
2025-03-21 11:38:59,1826,13541,100,17493,5098
2025-03-21 11:39:04,1865,13502,80,17493,5098
2025-03-21 11:39:09,1833,13529,80,17493,5098
2025-03-21 11:39:14,1888,13478,100,17493,5098
2025-03-21 11:39:20,1815,13551,80,17493,5098
2025-03-21 11:39:25,1848,13519,80,17493,5098
2025-03-21 11:39:30,1789,13578,100,17493,5098
2025-03-21 11:39:35,1848,13518,83,17493,5098
2025-03-21 11:39:41,1865,13502,80,17493,5098
2025-03-21 11:39:46,1893,13474,89,17493,5098
2025-03-21 11:39:51,1872,13494,100,17493,5098
2025-03-21 11:39:56,1806,13561,80,17493,5098
2025-03-21 11:40:01,1835,13532,100,17493,5098
2025-03-21 11:40:07,1839,13527,80,17493,5098
2025-03-21 11:40:12,1865,13501,80,17493,5098
2025-03-21 11:40:17,1816,13551,100,17493,5098
2025-03-21 11:40:22,1850,13515,80,17493,5098
2025-03-21 11:40:28,1882,13485,80,17493,5098
2025-03-21 11:40:33,1818,13549,80,17493,5098
2025-03-21 11:40:38,1858,13509,100,17493,5098
2025-03-21 11:40:43,1848,13518,80,17493,5098
2025-03-21 11:40:49,1840,13526,100,17493,5098
2025-03-21 11:40:54,1805,13562,80,17493,5098
2025-03-21 11:40:59,1819,13548,80,17493,5098
2025-03-21 11:41:04,1902,13464,100,17493,5098
2025-03-21 11:41:09,1882,13484,80,17493,5098
2025-03-21 11:41:15,1870,13496,80,17493,5098
2025-03-21 11:41:20,1841,13526,100,17493,5098
2025-03-21 11:41:25,1890,13476,80,17493,5098
2025-03-21 11:41:30,1872,13495,90,17493,5098
2025-03-21 11:41:36,1857,13510,100,17493,5098
2025-03-21 11:41:41,1818,13549,80,17493,5098
2025-03-21 11:41:46,1827,13539,100,17493,5098
2025-03-21 11:41:51,1852,13514,80,17493,5098
2025-03-21 11:41:57,1796,13570,80,17493,5098
2025-03-21 11:42:02,1843,13523,80,17493,5098
2025-03-21 11:42:07,1884,13483,100,17493,5098
2025-03-21 11:42:12,1883,13484,80,17493,5098
2025-03-21 11:42:17,1828,13540,80,17493,5098
2025-03-21 11:42:23,1878,13489,100,17493,5098
2025-03-21 11:42:28,1878,13490,80,17493,5098
2025-03-21 11:42:33,1842,13525,100,17493,5098
2025-03-21 11:42:38,1823,13550,80,17493,5098
2025-03-21 11:42:44,1866,13500,80,17493,5098
2025-03-21 11:42:49,1816,13551,100,17493,5098
2025-03-21 11:42:54,1784,13582,80,17493,5098
2025-03-21 11:42:59,1821,13545,100,17493,5098
2025-03-21 11:43:05,1921,13445,80,17493,5098
2025-03-21 11:43:10,1929,13437,80,17493,5098
2025-03-21 11:43:15,1889,13478,100,17493,5098
2025-03-21 11:43:20,1828,13538,97,17493,5098
2025-03-21 11:43:25,1817,13549,100,17493,5098
2025-03-21 11:43:31,1925,13442,85,17493,5098
2025-03-21 11:43:36,1803,13563,88,17493,5098
2025-03-21 11:43:41,1812,13555,100,17493,5098
2025-03-21 11:43:46,1909,13457,80,17493,5098
2025-03-21 11:43:52,1856,13511,100,17493,5098
2025-03-21 11:43:57,1821,13545,80,17493,5098
2025-03-21 11:44:02,1772,13595,100,17493,5098
2025-03-21 11:44:07,1887,13479,80,17493,5098
2025-03-21 11:44:13,1941,13425,80,17493,5098
2025-03-21 11:44:18,1859,13507,80,17493,5098
2025-03-21 11:44:23,1898,13469,80,17493,5098
2025-03-21 11:44:28,1875,13491,100,17493,5098
2025-03-21 11:44:33,1854,13513,80,17493,5098
2025-03-21 11:44:39,1942,13424,92,17493,5098
2025-03-21 11:44:44,1887,13479,98,17493,5098
2025-03-21 11:44:49,1834,13532,81,17493,5098
2025-03-21 11:44:54,1843,13523,100,17493,5098
2025-03-21 11:45:00,1846,13521,100,17493,5098
2025-03-21 11:45:05,1816,13551,71,17493,5098
2025-03-21 11:45:10,1839,13527,100,17493,5098
2025-03-21 11:45:15,1832,13535,80,17493,5098
2025-03-21 11:45:21,1861,13508,100,17493,5098
2025-03-21 11:45:26,1867,13499,80,17493,5098
2025-03-21 11:45:31,1837,13530,80,17493,5098
2025-03-21 11:45:36,1793,13574,100,17493,5098
2025-03-21 11:45:41,1826,13540,83,17493,5098
2025-03-21 11:45:47,1807,13559,100,17493,5098
2025-03-21 11:45:52,1959,13408,80,17493,5098
2025-03-21 11:45:57,1855,13512,80,17493,5098
2025-03-21 11:46:02,1834,13532,85,17493,5098
2025-03-21 11:46:08,1845,13521,80,17493,5098
2025-03-21 11:46:13,1828,13539,100,17493,5098
2025-03-21 11:46:18,1816,13550,80,17493,5098
2025-03-21 11:46:23,1835,13532,100,17493,5098
2025-03-21 11:46:29,1819,13548,80,17493,5098
2025-03-21 11:46:34,1849,13517,80,17493,5098
2025-03-21 11:46:39,1817,13550,80,17493,5098
2025-03-21 11:46:44,1883,13483,80,17493,5098
2025-03-21 11:46:49,1857,13509,100,17493,5098
2025-03-21 11:46:55,1873,13494,80,17493,5098
2025-03-21 11:47:00,1884,13482,80,17493,5098
2025-03-21 11:47:05,1895,13472,100,17493,5098
2025-03-21 11:47:10,1906,13461,80,17493,5098
2025-03-21 11:47:16,1875,13491,100,17493,5098
2025-03-21 11:47:21,1821,13546,80,17493,5098
2025-03-21 11:47:26,1866,13501,80,17493,5098
2025-03-21 11:47:31,1860,13507,80,17493,5098
2025-03-21 11:47:37,1833,13533,100,17493,5098
2025-03-21 11:47:42,1801,13566,80,17493,5098
2025-03-21 11:47:47,1847,13520,100,17493,5098
2025-03-21 11:47:52,1876,13490,86,17493,5098
2025-03-21 11:47:58,1870,13497,80,17493,5098
2025-03-21 11:48:03,1885,13481,100,17493,5098
2025-03-21 11:48:08,1890,13477,80,17493,5098
2025-03-21 11:48:13,1901,13466,80,17493,5098
2025-03-21 11:48:18,1865,13501,80,17493,5098
2025-03-21 11:48:24,1876,13491,100,17493,5098
2025-03-21 11:48:29,1820,13546,99,17493,5098
2025-03-21 11:48:34,1794,13573,90,17493,5098
2025-03-21 11:48:39,1811,13555,80,17493,5098
2025-03-21 11:48:45,1834,13532,100,17493,5098
2025-03-21 11:48:50,1918,13449,80,17493,5098
2025-03-21 11:48:55,1913,13452,80,17493,5098
2025-03-21 11:49:00,1814,13553,100,17493,5098
2025-03-21 11:49:06,1920,13447,80,17493,5098
2025-03-21 11:49:11,1902,13464,80,17493,5098
2025-03-21 11:49:16,1905,13462,100,17493,5098
2025-03-21 11:49:21,1837,13529,80,17493,5098
2025-03-21 11:49:26,1850,13516,100,17493,5098
2025-03-21 11:49:32,1877,13490,86,17493,5098
2025-03-21 11:49:37,1839,13528,96,17493,5098
2025-03-21 11:49:42,1803,13564,94,17493,5098
2025-03-21 11:49:47,1846,13520,80,17493,5098
2025-03-21 11:49:53,1868,13498,85,17493,5098
2025-03-21 11:49:58,1842,13524,80,17493,5098
2025-03-21 11:50:03,1859,13507,81,17493,5098
2025-03-21 11:50:08,1898,13468,100,17493,5098
2025-03-21 11:50:14,1826,13540,100,17493,5098
2025-03-21 11:50:19,1871,13495,80,17493,5098
2025-03-21 11:50:24,1833,13534,81,17493,5098
2025-03-21 11:50:29,1895,13471,100,17493,5098
2025-03-21 11:50:34,1858,13508,80,17493,5098
2025-03-21 11:50:40,1821,13545,80,17493,5098
2025-03-21 11:50:45,1822,13544,96,17493,5098
2025-03-21 11:50:50,1844,13523,100,17493,5098
2025-03-21 11:50:55,1860,13507,80,17493,5098
2025-03-21 11:51:01,1890,13478,80,17493,5098
2025-03-21 11:51:06,1918,13448,100,17493,5098
2025-03-21 11:51:11,1861,13505,80,17493,5098
2025-03-21 11:51:16,1903,13463,73,17493,5098
2025-03-21 11:51:22,1857,13510,100,17493,5098
2025-03-21 11:51:27,1828,13540,80,17493,5098
2025-03-21 11:51:32,1821,13546,80,17493,5098
2025-03-21 11:51:37,1846,13520,97,17493,5098
2025-03-21 11:51:42,1790,13576,93,17493,5098
2025-03-21 11:51:48,1852,13516,80,17493,5098
2025-03-21 11:51:53,1915,13452,100,17493,5098
2025-03-21 11:51:58,1903,13464,80,17493,5098
2025-03-21 11:52:03,1813,13554,100,17493,5098
2025-03-21 11:52:09,1835,13532,80,17493,5098
2025-03-21 11:52:14,1838,13529,80,17493,5098
2025-03-21 11:52:19,1813,13554,100,17493,5098
2025-03-21 11:52:24,1820,13548,80,17493,5098
2025-03-21 11:52:30,1862,13504,80,17493,5098
2025-03-21 11:52:35,1905,13462,88,17493,5098
2025-03-21 11:52:40,1868,13498,100,17493,5098
2025-03-21 11:52:45,1830,13533,80,17493,5098
2025-03-21 11:52:50,1852,13515,100,17493,5098
2025-03-21 11:52:56,1886,13481,80,17493,5098
2025-03-21 11:53:01,1812,13555,100,17493,5098
2025-03-21 11:53:06,1844,13522,80,17493,5098
2025-03-21 11:53:11,1854,13513,80,17493,5098
2025-03-21 11:53:17,1834,13533,100,17493,5098
2025-03-21 11:53:22,1901,13466,80,17493,5098
2025-03-21 11:53:27,1865,13501,100,17493,5098
2025-03-21 11:53:32,1845,13521,80,17493,5098
2025-03-21 11:53:38,1868,13499,80,17493,5098
2025-03-21 11:53:43,1824,13542,100,17493,5098
2025-03-21 11:53:48,1864,13502,100,17493,5098
2025-03-21 11:53:53,1878,13489,80,17493,5098
2025-03-21 11:53:58,1860,13507,80,17493,5098
2025-03-21 11:54:04,1873,13494,100,17493,5098
2025-03-21 11:54:09,1854,13512,89,17493,5098
2025-03-21 11:54:14,1915,13452,100,17493,5098
2025-03-21 11:54:19,1838,13528,80,17493,5098
2025-03-21 11:54:25,1894,13472,100,17493,5098
2025-03-21 11:54:30,1917,13450,80,17493,5098
2025-03-21 11:54:35,1882,13485,80,17493,5098
2025-03-21 11:54:40,1900,13467,83,17493,5098
2025-03-21 11:54:46,1931,13435,80,17493,5098
2025-03-21 11:54:51,1873,13493,100,17493,5098
2025-03-21 11:54:56,1856,13511,80,17493,5098
2025-03-21 11:55:01,1880,13486,100,17493,5098
2025-03-21 11:55:06,1829,13538,80,17493,5098
2025-03-21 11:55:12,1801,13566,100,17493,5098
2025-03-21 11:55:17,1830,13536,80,17493,5098
2025-03-21 11:55:22,1952,13415,91,17493,5098
2025-03-21 11:55:27,1941,13426,100,17493,5098
2025-03-21 11:55:33,1854,13513,80,17493,5098
2025-03-21 11:55:38,1798,13570,100,17493,5098
2025-03-21 11:55:43,1823,13544,86,17493,5098
2025-03-21 11:55:48,1871,13496,80,17493,5098
2025-03-21 11:55:54,1837,13530,100,17493,5098
2025-03-21 11:55:59,1801,13564,80,17493,5098
2025-03-21 11:56:04,1889,13477,100,17493,5098
2025-03-21 11:56:09,1875,13491,85,17493,5098
2025-03-21 11:56:15,1974,13392,80,17493,5098
2025-03-21 11:56:20,1881,13486,80,17493,5098
2025-03-21 11:56:25,1815,13552,100,17493,5098
2025-03-21 11:56:30,1853,13513,80,17493,5098
2025-03-21 11:56:35,1866,13501,80,17493,5098
2025-03-21 11:56:41,1815,13551,100,17493,5098
2025-03-21 11:56:46,1839,13528,80,17493,5098
2025-03-21 11:56:51,1868,13499,100,17493,5098
2025-03-21 11:56:56,1797,13570,80,17493,5098
2025-03-21 11:57:02,1903,13463,100,17493,5098
2025-03-21 11:57:07,1934,13433,80,17493,5098
2025-03-21 11:57:12,1885,13482,80,17493,5098
2025-03-21 11:57:17,1885,13481,100,17493,5098
2025-03-21 11:57:23,1875,13492,100,17493,5098
2025-03-21 11:57:28,1841,13526,80,17493,5098
2025-03-21 11:57:33,1835,13532,80,17493,5098
2025-03-21 11:57:38,1844,13523,100,17493,5098
2025-03-21 11:57:44,1931,13439,80,17493,5098
2025-03-21 11:57:49,1865,13501,80,17493,5098
2025-03-21 11:57:54,1832,13535,80,17493,5098
2025-03-21 11:57:59,1826,13540,100,17493,5098
2025-03-21 11:58:04,1855,13512,80,17493,5098
2025-03-21 11:58:10,1828,13538,100,17493,5098
2025-03-21 11:58:15,1824,13543,80,17493,5098
2025-03-21 11:58:20,1818,13548,100,17493,5098
2025-03-21 11:58:25,1867,13499,80,17493,5098
2025-03-21 11:58:31,1878,13489,91,17493,5098
2025-03-21 11:58:36,1892,13474,80,17493,5098
2025-03-21 11:58:41,1821,13546,100,17493,5098
2025-03-21 11:58:46,1838,13529,80,17493,5098
2025-03-21 11:58:52,1878,13488,100,17493,5098
2025-03-21 11:58:57,1845,13522,80,17493,5098
2025-03-21 11:59:02,1807,13560,92,17493,5098
2025-03-21 11:59:07,1817,13551,98,17493,5098
2025-03-21 11:59:12,1829,13538,80,17493,5098
2025-03-21 11:59:18,1894,13472,88,17493,5098
2025-03-21 11:59:23,1875,13491,80,17493,5098
2025-03-21 11:59:28,1850,13518,100,17493,5098
2025-03-21 11:59:33,1842,13524,80,17493,5098
2025-03-21 11:59:39,1851,13515,100,17493,5098
2025-03-21 11:59:44,1859,13507,80,17493,5098
2025-03-21 11:59:49,1853,13514,80,17493,5098
2025-03-21 11:59:54,1833,13534,93,17493,5098
2025-03-21 12:00:00,1847,13519,97,17493,5098
2025-03-21 12:00:05,1822,13555,80,17493,5098
2025-03-21 12:00:10,1847,13519,100,17493,5098
2025-03-21 12:00:15,1808,13558,80,17493,5098
